label,description,instance of,present in work
Kirby,fictional character,fictional extraterrestrial,Kirby: Right Back at Ya!
onryō,ghost in Japanese folklore,fictional creature,
Elmo,Muppet character on the children's television show Sesame Street,fictional creature,Sesame Street
Tatzelwurm,Mythical creature,fictional creature,
Thing,fictional character in The Addams Family,fictional creature,The Addams Family
Swamp Thing,"fictional character, is a humanoid/plant creature elemental in the DC Comics Universe",comics character,House of Secrets
Cookie Monster,character from the television series Sesame Street,television character,Sesame Street
Totoro,fictional character from My Neighbor Totoro,anime character,My Neighbor Totoro
Gossamer,animated cartoon character in the Warner Bros. Looney Tunes and Merrie Melodies series of cartoons,animated character,Looney Tunes
Om Nom,,video game character,Cut the Rope
Pilaf,Dragon Ball character,anime character,Dragon Ball
Lubin,,fictional creature,
Magohamoth,character from Lanfeust of Troy,fictional creature,Lanfeust of Troy
Gill-man,"lead antagonist of the 1954 film ""Creature from the Black Lagoon"" and its two sequels",horror film character,Creature from the Black Lagoon
Mordred Deschain,character from Stephen King's The Dark Tower series,fictional character,The Dark Tower VI: Song of Susannah
Great Unknown,,fictional creature,A Series of Unfortunate Events
Angel,creature in the Dungeons & Dragons universe,fictional creature,Dungeons & Dragons
Fairy,from the series Artemis Fowl,fictional creature,Artemis Fowl
Mara,fictional monster,television character,Doctor Who
Happy,fictional character from Fairy Tail,fictional creature,Fairy Tail
Kyubey,fictional character from Puella Magi Madoka Magica,fictional creature,Puella Magi Madoka☆Magica
Jabberwock,fictional creature,fictional creature,Jabberwocky
Otsoko,Creature from Basque mythology,fictional creature,
Spàgan,Character in a series of children's books by the Western Islands Bilingual Education Project,fictional creature,
Ass-Blaster,fictional species of monster from the Tremors franchise,fictional creature,Tremors
Inajira,fictional character from Ravenloft,fictional creature,Ravenloft
Wrackspurt,,fictional creature,Harry Potter and the Half-Blood Prince
Demogorgon,fictional creature in Netflix series Stranger Things,fictional creature,Stranger Things
Minotaur,operatic character in the opera Phaedra (Henze),operatic character,Phaedra
Taltos,,fictional creature,Merrick
●●|●●●●●|●●|●,fictional monster from the SCP web-based collaborative writing project,SCP,SCP Foundation
Snaggy,Meow Wolf mascot monster,mascot character,
Blatant Beast,fictional beast in Edmund Spenser's The Faerie Queene,fictional creature,The Faerie Queene
SCP-087-1,fictional humanoid creature from the eponymous literary work,SCP,SCP-087 - The Stairwell
Gefilte P. Fish,,fictional character,The Itche Kadoozy Show
Sonnie,character in the Confederation Universe of Peter F. Hamilton,fictional human,Sonnie's Edge
Ranga,fictional character from That Time I Got Reincarnated as a Slime,fictional creature,That Time I Got Reincarnated as a Slime
Mongor,fictional monster in ThunderCats,fictional creature,ThunderCats
Slithe,fictional character of ThunderCats,fictional creature,ThunderCats
Arakune,fictional character from BlazBlue,fictional creature,BlazBlue: Calamity Trigger
The Lich,fictional character from Adventure Time,animated character,Adventure Time
Braco,character from Adventure Time,animated character,Adventure Time
Hawk,fictional character from The Seven Deadly Sins,fictional creature,The Seven Deadly Sins
Apito,fictional character from That Time I Got Reincarnated as a Slime,fictional creature,That Time I Got Reincarnated as a Slime
Zegion,fictional character from That Time I Got Reincarnated as a Slime,fictional creature,That Time I Got Reincarnated as a Slime
Momoo,fictional character from One Piece,fictional creature,One Piece
Meme Man,Internet meme,Internet meme,
Su,fictional character from One Piece,fictional creature,One Piece
Gomorrah,fictional character from One Piece,fictional creature,One Piece
Sodom,fictional character from One Piece,fictional creature,One Piece
Stone,Dream of the Red Chamber character,literary character,Dream of the Red Chamber
Huggy Wuggy,main antagonist of the 2021 video game Poppy Playtime,video game character,Poppy Playtime
azmuth,,fictional creature,
The Questing Beast,fictional character from T. H. White's The Once and Future King,fictional creature,The Sword in the Stone
SCP-280,fictional creature from the SCP web-based collaborative writing project,literary character,SCP Foundation
Mommy Long Legs,fictional character from Poppy Playtime,video game character,Poppy Playtime
Wither Storm,fictional species in Minecraft,fictional creature,Minecraft: Story Mode
Crungus,Imaginary creature,fictional creature,
Yetrigar,fictional character in Marvel Comics,fictional creature,"Godzilla, King of the Monsters"
Ricky,fictional character in the video game My Friendly Neighborhood,video game character,My Friendly Neighborhood
Ray,main antagonist of the video game My Friendly Neighborhood,video game character,My Friendly Neighborhood
Hilichurl,fictional species in Genshin Impact,fictional creature,Genshin Impact
Tyler Bungard,fictional character from Inanimate Insanity,fictional creature,Inanimate Insanity
Frost Beasts,fictional creatures in the Marvel Universe,fictional creature,Thor
Asgardian Horses,fictional creatures in the Marvel Cinematic Universe,fictional creature,Thor
Leviathans,fictional creatures in the Marvel Cinematic Universe,fictional creature,The Avengers
