label,description,instance of,topic's main category,subclass of
comedy anime and manga,anime and manga genre,anime and manga genre,Category:Comedy anime and manga,comedy
sketch comedy,series of short comedy scenes or vignettes,comedic genre,Category:Sketch comedy,theatre
fantasy film,film genre,film genre,Category:Fantasy films,fantasy
comedy,genre of dramatic works intended to be humorous,type of work of art,Category:Comedy,work of art
puzzle video game,genre of video games,video game genre,Category:Puzzle video games,video game
action fiction,fiction-writing mode or genre,fiction genre,Category:Action (genre),fiction
horror film,film genre,film genre,Category:Horror cinema,horror fiction
science fantasy,science fiction genre,science fiction genre,Category:Science fantasy,fantasy
young adult fiction,genre of fiction made to appeal to young adults,fiction genre,,fiction
fantasy,"genre of speculative fiction set in a fictional universe, often inspired by real world myth and folklore",speculative/fantastic fiction genre,Category:Fantasy,speculative/fantastic fiction
speculative/fantastic fiction,"genre concept in fiction, comprising science fiction, horror, fantasy as well as alternative history, post-apocalyptic, gothic, superhero fiction, etc.; referred to by two different terms depending on the region",fiction genre,Category:Speculative fiction,fiction
science fiction television series,television genre,television series genre,Category:Science fiction television,science fiction
drama anime and manga,anime and manga genre,anime and manga genre,Category:Drama anime and manga,anime and manga
nonsense verse,literary form; a form of nonsense literature usually employing strong prosodic elements,poetry genre,Category:Nonsense poetry,humorous poetry
monster film,film genre,film genre,Category:Monster movies,speculative/fantastic fiction film
tabletop role-playing game,form of role-playing game for leisure,game genre,Category:Role playing game,role-playing game
vampire literature,literary genre,literary genre,Category:Vampires in written fiction,horror literature
creepypasta,horror-related legends or images that have been copy-and-pasted around the Internet,literary genre,Category:Creepypasta,fakelore
fighting game,video game genre,video game genre,Category:Fighting games,action game
fantasy television series,television series genre,television series genre,Category:Fantasy television series,television series
action anime and manga,anime and manga genre,anime and manga genre,Category:Action anime and manga,anime and manga
zhanghui novel,traditional Chinese literary genre,literary genre,Category:Zhanghui xiaoshuo,novel
survival horror,subgenre of action-adventure video games,video game genre,Category:Survival horror video games,action-adventure game
adventure game,video game genre,video game genre,Category:Adventure games,video game
role-playing video game,video game genre,video game genre,Category:Role-playing video games,video game
reality show,television genre,television genre,Category:Reality television programs,reality television
action film,film genre,film genre,Category:Action films,action fiction
