label,description,genre,instance of
Kirby: Right Back at Ya!,2001 anime series based on Nintendo's Kirby franchise,comedy anime and manga,anime television series
Sesame Street,American children's television program,sketch comedy,television series
The Addams Family,Wikimedia disambiguation page,,Wikimedia disambiguation page
House of Secrets,anthology comic book series,,comic book series
My Neighbor Totoro,1988 film directed by Hayao Miyazaki,fantasy film,anime film
Looney Tunes,1930-1969 American series of animated comedy short films produced by Warner Bros.,comedy,animated film series
Cut the Rope,2013 video game,puzzle video game,video game
Dragon Ball,Japanese media franchise,action fiction,media franchise
Lanfeust of Troy,French comic series,,comic book series
Creature from the Black Lagoon,1954 American monster film,horror film,3D film
The Dark Tower VI: Song of Susannah,2004 novel by Stephen King,science fantasy,literary work
A Series of Unfortunate Events,novel series by Lemony Snicket,young adult fiction,novel series
Dungeons & Dragons,first fantasy tabletop role-playing game,fantasy,tabletop role-playing game
Artemis Fowl,book series,speculative/fantastic fiction,book series
Doctor Who,British science fiction TV series,science fiction television series,television series
Fairy Tail,Japanese manga series,comedy anime and manga,manga series
Puella Magi Madoka☆Magica,Japanese anime television series,drama anime and manga,anime television series
Jabberwocky,nonsense poem by Lewis Carroll,nonsense verse,poetry
Tremors,media franchise,monster film,media franchise
Ravenloft,gothic horror-themed campaign setting for Dungeons and Dragons,tabletop role-playing game,campaign setting
Harry Potter and the Half-Blood Prince,fantasy novel by J. K. Rowling,young adult fiction,literary work
Stranger Things,American science fiction horror Netflix series,science fiction television series,television series
Phaedra,opera by Henze,,dramatico-musical work
Merrick,2000 Book by Anne Rice,vampire literature,literary work
SCP Foundation,Web-based collaborative fiction writing project.,creepypasta,literary work
The Faerie Queene,English epic poem by Edmund Spenser,fantasy,poem
SCP-087 - The Stairwell,literary work from the SCP web-based collaborative writing project,,SCP article
The Itche Kadoozy Show,Jewish video series,,audiovisual work
Sonnie's Edge,"short story by Peter F. Hamilton, part of the Confederation Universe and published in New Moon Magazine and the A Second Chance at Eden collection, and turned into a Love, Death + Robots episode",,literary work
That Time I Got Reincarnated as a Slime,Japanese light novel series,fantasy,light novel series
ThunderCats,1985 animated television series,science fiction television series,television series
BlazBlue: Calamity Trigger,2008 fighting game,fighting game,video game
Adventure Time,American animated television series,fantasy television series,animated series
The Seven Deadly Sins,Japanese manga series by Nakaba Suzuki,action anime and manga,manga series
One Piece,Japanese manga series,action anime and manga,manga series
Dream of the Red Chamber,one of China's Four Great Classical Novels,zhanghui novel,literary work
Poppy Playtime,2021 survival horror video game developed by MOB Games,survival horror,video game
The Sword in the Stone,novel by T. H. White,fantasy,literary work
Minecraft: Story Mode,2015 video game,adventure game,video game
"Godzilla, King of the Monsters",comic book series,,comic book series
My Friendly Neighborhood,horror video game,survival horror,video game
Genshin Impact,2020 free-to-play action role-playing video game,role-playing video game,video game
Inanimate Insanity,YouTube web series,reality show,object show
Thor,2011 film directed by Kenneth Branagh,action film,3D film
The Avengers,2012 film directed by Joss Whedon,action film,3D film
