label,description,Commons category,instance of,category's main topic,category combines topics,category contains
Category:American people,Wikimedia category,People of the United States,Wikimedia category,Americans,United States of America,human
Category:British people,Wikimedia category,People of the United Kingdom,Wikimedia category,British people,United Kingdom,human
Category:People:Japan (people who live or lived in Japan),Wikimedia category,People of Japan,Wikimedia category,,Japan,human
Category:French people,Wikimedia category,People of France,Wikimedia category,French,,human
Category:Israeli people,Wikimedia category,People of Israel,Wikimedia category,Israelis,Israel,human
Category:South Korean people,Wikimedia category,People of South Korea,Wikimedia category,South Koreans,South Korea,human
Category:People of Russia,Wikimedia category,People of Russia,Wikimedia category,Russians,Russia,human
Category:Iranian people,Wikimedia category,People of Iran,Wikimedia category,Iranians,Iran,human
Category:Chinese people,Wikimedia category,People of China,Wikimedia category,Chinese people,China,human
Category:Norwegian people,Wikimedia category,People of Norway,Wikimedia category,Norwegians,Norway,human
Category:Canadian people,Wikimedia category,People of Canada,Wikimedia category,Canadians,Canada,human
Category:Danish people,Wikimedia category,People of Denmark,Wikimedia category,Danes,Denmark,human
Category:Dutch people,Wikimedia category,People of the Netherlands,Wikimedia category,Dutch,,human
Category:Thai people,Wikimedia category,People of Thailand,Wikimedia category,,Thailand,human
Category:German people,Wikimedia category,Germans,Wikimedia category,Germans,Germany,human
Category:Indonesian people,Wikimedia category,People of Indonesia,Wikimedia category,Indonesians,Indonesia,human
Category:Chilean people,Wikimedia category,People of Chile,Wikimedia category,Chileans,Chile,human
Category:Australian people,Wikimedia category,People of Australia,Wikimedia category,Australians,Australia,human
Category:Argentine people,Wikimedia category,People of Argentina,Wikimedia category,Argentines,Argentina,human
Category:People of Bulgaria,Wikimedia category,People of Bulgaria,Wikimedia category,Bulgarians,Bulgaria,human
Category:Austrian people,Wikimedia category,People of Austria,Wikimedia category,Austrians,Austria,human
Category:Vietnamese people,Wikimedia category,Vietnamese people,Wikimedia category,Vietnamese people,Vietnam,human
