label,description,instance of,original language of film or TV show,country of origin,publication date,title,duration
Toy Story,1995 American animated film,animated feature film,English,United States of America,+1995-11-22T00:00:00Z,Toy Story,+81
Toy Story 2,1999 American animated film,animated feature film,English,United States of America,+1999-11-24T00:00:00Z,Toy Story 2,+92
Toy Story 3,2010 American animated film directed by Lee Unkrich,animated feature film,English,United States of America,+2010-06-18T00:00:00Z,Toy Story 3,+103
"Monsters, Inc.",2001 animated film directed by Pete Docter,animated feature film,English,United States of America,+2001-11-02T00:00:00Z,"Monsters, Inc.",+92
Monsters University,2013 American animated film directed by Dan Scanlon,animated feature film,English,United States of America,+2013-06-21T00:00:00Z,Monsters University,+104
Flushed Away,2006 film,computer-animated film,English,United Kingdom,+2006-11-03T00:00:00Z,Flushed Away,+84
Bob the Builder,British children's animated television show,clay animation film,English,United Kingdom,,Bob the Builder,+10
Digital Monster X-Evolution,2005 film directed by Hiroyuki Kakudou,anime film,Japanese,Japan,+2005-01-01T00:00:00Z,,+76
Gerry Anderson's New Captain Scarlet,action-adventure TV series,television series,English,United Kingdom,+2005-01-01T00:00:00Z,,
Azur & Asmar: The Princes' Quest,2006 animated film directed by Michel Ocelot,animated feature film,French,France,+2006-05-00T00:00:00Z,Azur et Asmar,+99
Make a wind,2006 film,computer-animated film,Hebrew,Israel,+2006-00-00T00:00:00Z,עושים רוח,+80
Tayo the Little Bus,computer animated series,computer-animated television series,Korean,South Korea,,Tayo the Little Bus,
Finding Dory,2016 animated film directed by Andrew Stanton,animated film,English,United States of America,+2016-06-17T00:00:00Z,Finding Dory,+97
Dawn of the Dragon Racers,2014 film,computer-animated film,English,United States of America,+2014-01-01T00:00:00Z,Dawn of the Dragon Racers,+26
The Lion King,2019 film directed by Jon Favreau,computer-animated film,English,United States of America,+2019-07-17T00:00:00Z,The Lion King,+118
Fantasy Patrol,computer-animated film,computer-animated film,,Russia,,Сказочный патруль,
Lou,2017 film by Dave Mullins,animated short film,English,United States of America,+2017-06-15T00:00:00Z,Lou,+6
Lego Ninjago: Masters of Spinjitzu: Day of the Departed,2016 television special of the television Series Ninjago,television film,English,,+2016-00-00T00:00:00Z,,+45
Star Wars Blips,computer-animated film,computer-animated film,,,,,
Carevny,animated series computer-animated film directed by Darina Shmidt and Konstantin Bronzit,computer-animated film,,Russia,,Царевны,
Sooriland,Computer animation,computer-animated film,,,,,
Onward,2020 computer-animated film directed by Dan Scanlon,animated feature film,English,United States of America,+2020-03-06T00:00:00Z,Onward,+103
On The Path of The Rain,film directed by Hamed Katebi,computer-animated film,Persian,Iran,+2016-00-00T00:00:00Z,در مسیر باران,+80
Ne Zha,2019 Chinese animated fantasy adventure film by Jiaozi,animated film,Standard Mandarin,People's Republic of China,+2019-07-26T00:00:00Z,哪吒之魔童降世,+110
Cattle Hill,computer-animated film directed by Lise I. Osvoll,computer-animated film,,Norway,+2018-10-19T00:00:00Z,KuToppen,+66
Trouble,2019 film directed by Kevin Johnson,computer-animated film,,United States of America,+2019-01-11T00:00:00Z,Trouble,+87
True: Rainbow Rescue,2020 computer-animated short film,computer-animated film,English,Canada,+2020-00-00T00:00:00Z,True: Rainbow Rescue,
PAW Patrol: Mighty Pups,2018 television film directed by Charles E. Bastien,television film,,United States of America,+2018-00-00T00:00:00Z,PAW Patrol: Mighty Pups,
Bob the Builder: Mega Machines,2017 animated film directed by Stuart Evans,computer-animated film,English,United Kingdom,+2017-05-27T00:00:00Z,Bob The Builder: Mega Machines,
Less Than Human,2017 Danish short film from Steffen Bang Lindholm,short film,,Denmark,+2017-01-01T00:00:00Z,,+6
Go! Go! Cory Carson Summer Camp,2020 computer-animated short film,short film,English,United States of America,+2020-08-04T00:00:00Z,Go! Go! Cory Carson Summer Camp,+20
Alien Xmas,2020 film directed by Stephen Chiodo,computer-animated film,English,United States of America,+2020-11-20T00:00:00Z,Alien Xmas,+42
Mighty Express: A Mighty Christmas,2020 Christmas special of the television series Mighty Express,computer-animated film,English,,+2020-12-05T00:00:00Z,Mighty Express: A Mighty Christmas,
A Trash Truck Christmas,2020 animated film directed by Eddie Rosas,computer-animated film,English,United States of America,+2020-12-11T00:00:00Z,,
Secret Magic Control Agency,2021 film directed by Aleksey Tsitsilin,computer-animated film,Russian,Russia,+2021-03-18T00:00:00Z,Secret Magic Control Agency,+104
Barbie & Chelsea: The Lost Birthday,2021 film directed by Cassandra Mackay,computer-animated film,English,United States of America,+2021-04-16T00:00:00Z,,
Felix and the Treasure of Morgäa,2021 film directed by Nicola Lemay,computer-animated film,,Canada,+2021-02-26T00:00:00Z,,
The Flying Luna Clipper,1987 Japanese computer-animated film,computer-animated film,,Japan,+1987-00-00T00:00:00Z,The Flying Luna Clipper,+55
The Super Mario Bros. Movie,2023 film,computer-animated film,English,United States of America,+2023-04-05T00:00:00Z,The Super Mario Bros. Movie,+92
Master Ji Gong,2021 film directed by Liu Zhijiang and Qiao Yu,computer-animated film,,People's Republic of China,+2021-00-00T00:00:00Z,,
Sign Me Up!,2018 short by Millie Alexandra,animated short film,English,United Kingdom,+2018-07-20T00:00:00Z,Sign Me Up!,+2
Beware of Bunny,2015 short film by Becky Gill,animated short film,English,United States of America,+2015-05-20T00:00:00Z,Beware of Bunny,+4
Imagine,2020 short by Lava Hijzelaar,animated short film,English,Netherlands,+2020-10-10T00:00:00Z,Imagine,+4
Memories,2019 short by Solal Girardin,animated short film,French,France,+2019-08-10T00:00:00Z,Memories,+2
Fossils,2021 short film by Piti Yindee,animated short film,English,Thailand,+2021-06-03T00:00:00Z,Fossils,+2
Fox Tale,2015 short film by Doosun Shin,animated short film,English,United States of America,+2015-04-27T00:00:00Z,Fox Tale,+2
The Blue Bird,2016 short by Christian Huthmacher,animated short film,English,United States of America,+2016-11-30T00:00:00Z,The Blue Bird,+1
Sound Asleep,2021 short by Samuel Mergenthaler,animated short film,English,Germany,+2021-07-27T00:00:00Z,Sound Asleep,+5
Hangudeg,2020 short by Yumna Taqiyyah,animated short film,Indonesian,Indonesia,+2020-05-19T00:00:00Z,Hangudeg,+4
Rim Light,2021 short film directed by Sophia Aguilera,animated short film,Spanish,Chile,+2021-01-08T00:00:00Z,Rim Light,+2
Daft Drunk,2017 short film by Raphael Beyaert,animated short film,English,France,+2017-06-20T00:00:00Z,Daft Drunk,+1
Colourful,2018 short film by Seryung Lee,animated short film,English,Australia,+2018-12-17T00:00:00Z,Colourful,+6
Quack,2014 short film by Sachida Ishige,animated short film,English,Thailand,+2014-06-13T00:00:00Z,Quack,+5
Lost Flower,2012 short film by Adisra Promthep,animated short film,English,Canada,+2012-04-09T00:00:00Z,Lost Flower,+2
Seedling,2011 short film by Lee Tao,animated short film,English,Canada,+2011-04-26T00:00:00Z,Seedling,+2
Blight,2018 short film by Victoria Kociman,animated short film,English,Argentina,+2018-05-10T00:00:00Z,Blight,+4
Bye Bye Birdy,2017 short film by Clement Masson,animated short film,English,France,+2017-05-06T00:00:00Z,Bye Bye Birdy,+1
My Moon,2017 short film by Nikolay Prodanov,animated short film,English,Bulgaria,+2017-04-11T00:00:00Z,My Moon,+4
Steun,2018 short film by Colin Wierenga,animated short film,English,Netherlands,+2018-01-09T00:00:00Z,Steun,+3
Midnight Snack,2014 short film by David Romero,animated short film,English,United States of America,+2014-05-05T00:00:00Z,Midnight Snack,+5
Pine Devil,2016 short film by David Romero,animated short film,English,United States of America,+2016-04-13T00:00:00Z,Pine Devil,+2
Other Lily,2015 short film by David Romero,animated short film,English,United States of America,+2015-11-06T00:00:00Z,Other Lily,+5
No Need to Rush Life,2022 short film by Jona Melvin Grobe,animated short film,English,Austria,+2022-07-03T00:00:00Z,No Need to Rush Life,+4
Wormdog,2019 short film by Simone Kousol Graham,animated short film,English,Canada,+2019-08-22T00:00:00Z,Wormdog,+2
Pandora,2014 short film by Hugh Freeman,animated short film,English,Australia,+2014-10-31T00:00:00Z,Pandora,+5
Butterflies,2018 short film by Abby Boyce,animated short film,English,United States of America,+2018-05-05T00:00:00Z,Butterflies,+2
The Magician's Cat,2012 short film directed by Jared Rimos,animated short film,English,United Kingdom,+2012-06-10T00:00:00Z,The Magician's Cat,+3
Urraca,2011 short film by Philip Piaget,animated short film,English,Canada,+2011-08-20T00:00:00Z,Urraca,+3
Nyctophobia,2019 short film by Alaya Knowlton,animated short film,English,United States of America,+2019-10-12T00:00:00Z,Nyctophobia,+2
Flying the Coop,2021 short film directed by Koral Valladolid,animated short film,English,United States of America,+2021-05-01T00:00:00Z,Flying the Coop,+1
Inspiration,2011 short film directed by Jennifer Sandel,animated short film,English,United States of America,+2011-00-00T00:00:00Z,Inspiration,+3
Rupee Run,2016 short film directed by Tarun Lak,animated short film,English,United States of America,+2016-06-16T00:00:00Z,Rupee Run,+2
Dream,2021 short film directed by Hoang Nguyen and Giang Hoang,animated short film,English,Vietnam,+2021-00-00T00:00:00Z,Dream,+5
Mufasa: The Lion King,upcoming 2024 American CGI film,film project,English,United States of America,+2024-07-05T00:00:00Z,Mufasa: The Lion King,
Captain Yajima,animation,computer-animated film,,,+2021-04-30T00:00:00Z,CAPTAIN YAJIMA,
Cannapaceus,"work of art by mfx, 2008",work of art,,,,,+7.866666666666667
