label,description,instance of,country,Commons category,Freebase ID,applies to jurisdiction,topic's main category,inception,female form of label,official website,officeholder,subclass of
President of the United States,head of state and head of government of the United States of America,elective office,United States of America,Presidents of the United States,/m/060d2,United States of America,Category:Presidents of the United States,+1787-04-30T00:00:00Z,presidenta de Estados Unidos,https://www.whitehouse.gov/administration/president-biden/,Joe Biden,president
monarch of the United Kingdom,king or queen of the United Kingdom and its overseas territories since 1927,public office,United Kingdom,Monarchs of the United Kingdom,/m/0cp2_,United Kingdom,Category:Monarchs of the United Kingdom,+1927-04-12T00:00:00Z,Königin des Vereinigten Königreichs,http://www.royal.gov.uk/,Charles III,monarch
Emperor of Japan,head of state of Japan,hereditary title,Japan,Emperors of Japan,/m/02rb6,Japan,Category:Japanese emperors,,impératrice du Japon,http://www.kunaicho.go.jp/eindex.html,Naruhito,emperor
President of the French Republic,head of state of France,position,France,Presidents of France,/m/0672x,France,Category:Presidents of France,,президентка Франції,https://www.elysee.fr/,Emmanuel Macron,president
President of Israel,head of state of Israel,public office,Israel,Presidents of Israel,/m/013zfq,Israel,Category:Presidents of Israel,+1949-02-16T00:00:00Z,prezidentka Izraele,http://www.president.gov.il/English/Pages/english.aspx,Isaac Herzog,president
President of South Korea,head of state and of government of the Republic of Korea,public office,South Korea,Presidents of South Korea,/m/0p8d0,South Korea,Category:Presidents of South Korea,+1948-07-24T00:00:00Z,presidenta de Corea del Sur,http://www.president.go.kr/,Yoon Suk-yeol,President of the Republic
President of Russia,head of state of the RSFSR (office established in 1991) and Russia,position,Russia,Presidents of Russia,/m/01jrl6,Russia,Category:Presidents of Russia,+1991-06-12T00:00:00Z,presidenta de Rusia,http://kremlin.ru/,Vladimir Putin,president
Supreme Leader of Iran,Iranian Head of State,position,Iran,Supreme Leaders of Iran,/m/025qg4,,Category:Supreme Leaders of Iran,+1979-12-03T00:00:00Z,,http://leader.ir/langs/en,Ali Khamenei,supreme leader
President of the People's Republic of China,Ceremonial head of state of China,position,People's Republic of China,Presidents of the People's Republic of China,/m/012s_1,People's Republic of China,Category:Presidents of the People's Republic of China,+1954-09-27T00:00:00Z,presidenta de la República Popular de la Xina,http://english.gov.cn/2013-03/14/content_2353971.htm,Xi Jinping,President of the Republic
Monarch of Norway,head of state of Norway,hereditary position,Norway,Norwegian monarchy,/m/0bm2bp,Norway,Category:Norwegian monarchy,+0872-00-00T00:00:00Z,norská královna,https://www.kongehuset.no/,Harald V of Norway,monarch
monarch of Canada,"Canada's head of state, a king or queen",hereditary position,Canada,,,Canada,,,Queen of Canada,,Charles III,monarch
monarch of Denmark,monarchical head of state of the Kingdom of Denmark,noble title,Denmark,Monarchs of Denmark,,Kingdom of Denmark,,+0935-00-00T00:00:00Z,Königin Dänemarks,,Margrethe II of Denmark,monarch
King of the Netherlands,king (male or female) of the Kingdom of the Netherlands (1815-present),hereditary position,Kingdom of the Netherlands,,,Kingdom of the Netherlands,Category:Kings of the Netherlands,+1815-03-16T00:00:00Z,reina dels Països Baixos,,Willem-Alexander of the Netherlands,head of state
King of Thailand,,title,Thailand,,,Thailand,Category:Thai monarchs,,ملكة تايلاند,,,monarch
president of Germany,head of state of Germany,public office,Germany,Presidents of Germany,/m/0gg1y,Germany,Category:Presidents of Germany,+1949-05-24T00:00:00Z,Bundespräsidentin,http://www.bundespraesident.de/,Frank-Walter Steinmeier,President of the Republic
President of Indonesia,head of state and government of the Republic of Indonesia,public office,Indonesia,Presidents of Indonesia,/m/02pzqlz,Indonesia,Category:Presidents of Indonesia,+1945-08-18T00:00:00Z,Presidenta d'Indonèsia,https://www.presidenri.go.id/,Joko Widodo,president
President of Chile,Head of State and Government of Chile,public office,Chile,Presidents of Chile,/m/0hqlf,Chile,Category:Presidents of Chile,+1826-07-09T00:00:00Z,Presidenta de Chile,https://boricpresidente.cl/,Gabriel Boric,head of government
monarch of Australia,Australia's sovereign; a king or queen,position,Australia,Monarchs of Australia,,Australia,,,reina de Australia,,Charles III,monarch
President of Argentina,head of state and government of Argentina,public office,Argentina,Presidents of Argentina,/m/01hdfs,Argentina,Category:Presidents of Argentina,+1826-00-00T00:00:00Z,presidenta de Argentina,https://www.argentina.gob.ar/presidencia,Alberto Fernández,President of the Republic
President of Bulgaria,Bulgarian president,position,Bulgaria,Presidents of Bulgaria,/m/012z31w1,Bulgaria,,+1990-04-03T00:00:00Z,prezidentka Bulharska,http://www.president.bg/,Rumen Radev,President of the Republic
President of Austria,head of state of Austria,public office,Austria,Presidents of Austria,/m/01fzsv,Austria,Category:Presidents of Austria,+1920-11-10T00:00:00Z,prezidentka Rakouska,http://www.bundespraesident.at/,Alexander Van der Bellen,President of the Republic
President of Vietnam,De jure Head of State of Vietnam,elective office,Vietnam,Presidents of Vietnam,/m/02cyh7,Vietnam,Category:Presidents of Vietnam,+1945-09-02T00:00:00Z,presidenta de Vietnam,http://vpctn.gov.vn/Pages/trangchu.aspx,Đặng Thị Ngọc Thịnh,President of the Republic
