label,description,country,located in the administrative territorial entity,coordinate location,instance of,GeoNames ID,area,population,shares border with,New Zealand Gazetteer place ID,authority,iNaturalist place ID,Commons category
Whangarei District,territorial authority district in New Zealand's Northland region,New Zealand,Northland Region,-35.719,district of New Zealand,2179291,+2854.32,+91400,Far North District,15039,Whangarei District Council,40497,
Palmerston North City,territorial authority district of New Zealand,New Zealand,Manawatū-Whanganui Region,-40.35698333333333,district of New Zealand,7910056,,+84639,,15000,Palmerston North City Council,40488,Palmerston North City
Hamilton City,territorial authority district of New Zealand,New Zealand,Waikato Region,-37.7779,district of New Zealand,7910041,,+160911,Waikato District,14973,Hamilton City Council,,"Hamilton City, New Zealand"
Marlborough District,region and district in the north of New Zealand's South Island,New Zealand,New Zealand,-41.883333333333,region of New Zealand,2187304,+12484.59,+47340,Wellington Region,,Marlborough District Council,11511,Marlborough District
New Plymouth District,"territorial authority district in Taranaki Region, New Zealand",New Zealand,Taranaki Region,-39.098,district of New Zealand,2186240,+2324.26,+81900,South Taranaki District,14994,New Plymouth District Council,40509,
Gisborne District,region on the east coast of New Zealand's North Island,New Zealand,New Zealand,-38.66667,region of New Zealand,2190767,+8385.33,+47517,Ōpōtiki District,14969,Gisborne District Council,11508,Gisborne District
Napier City,territorial authority district of New Zealand,New Zealand,Hawke's Bay Region,-39.47933,district of New Zealand,7910054,+105.4,+62241,Hastings District,14992,Napier City Council,40484,Napier City
Grey District,district in New Zealand's South Island,New Zealand,West Coast Region,-42.546,district of New Zealand,7910040,+3515.4,+13334,Buller District,14972,Grey District Council,40533,Grey District
Christchurch City,territorial authority district of New Zealand,New Zealand,Canterbury Region,-43.64578,district of New Zealand,7910036,+1608.6,+385500,Waimakariri District,14964,Christchurch City Council,,Christchurch City
Tasman District,region in the northwest of New Zealand's South Island,New Zealand,New Zealand,-41.5,region of New Zealand,2181818,+9771,+52389,Marlborough District,15017,Tasman District Council,40494,Tasman Region
Dunedin City,territorial authority district of New Zealand,New Zealand,Otago Region,-45.877,district of New Zealand,,+3350.4,+126255,,14966,Dunedin City Council,40501,
Auckland Region,region of New Zealand's North Island,New Zealand,New Zealand,-36.9,region of New Zealand,2193734,+4894,+1571718,Northland Region,54693,Auckland Council,8345,Auckland Region
Wellington City,territorial authority district in New Zealand,New Zealand,Wellington Region,-41.253,administrative territorial entity of New Zealand,7910072,+290.11,+215400,Lower Hutt City,15034,Wellington City Council,40531,Wellington City
Invercargill City,district of New Zealand,New Zealand,Southland Region,-46.435,district of New Zealand,7910045,,+54204,,14979,Invercargill City Council,40508,Invercargill City
Nelson City,territorial authority district of New Zealand,New Zealand,Nelson Region,-41.22227,district of New Zealand,7910055,,+50880,,14993,Nelson City Council,,
Whakatāne District,"territorial authority district in Bay of Plenty Region, New Zealand",New Zealand,Bay of Plenty Region,-38.4,district of New Zealand,2179374,+4450,+35700,Kawerau District,15038,Whakatāne District Council,40466,Whakatāne District
