label,description,instance of,country,official website,applies to jurisdiction,coordinate location
Whangarei District Council,territorial authority of New Zealand,territorial authority of New Zealand,New Zealand,http://www.wdc.govt.nz,Whangarei District,-35.6917539
Palmerston North City Council,territorial authority of New Zealand,territorial authority of New Zealand,New Zealand,http://www.pncc.govt.nz/,Palmerston North City,-40.356764
Hamilton City Council,territorial authority of New Zealand,territorial authority of New Zealand,New Zealand,https://www.hamilton.govt.nz/,Hamilton City,-37.7882762
Marlborough District Council,unitary authority of New Zealand,unitary authority of New Zealand,New Zealand,https://www.marlborough.govt.nz/,Marlborough District,-41.4012788
New Plymouth District Council,territorial authority of New Zealand,territorial authority of New Zealand,New Zealand,https://www.newplymouthnz.com,New Plymouth District,-39.0593996
Gisborne District Council,unitary authority of New Zealand,unitary authority of New Zealand,New Zealand,http://www.gdc.govt.nz/,Gisborne District,-38.6649761
Napier City Council,territorial authority of New Zealand,territorial authority of New Zealand,New Zealand,https://www.napier.govt.nz,Napier City,
Grey District Council,territorial authority of New Zealand,territorial authority of New Zealand,New Zealand,https://www.greydc.govt.nz/,Grey District,-42.4524633
Christchurch City Council,"local government authority for Christchurch, Canterbury in New Zealand",city council,New Zealand,https://ccc.govt.nz/,Christchurch City,-43.53
Tasman District Council,"unitary authority for Tasman District, New Zealand",unitary authority of New Zealand,New Zealand,https://www.tasman.govt.nz/,Tasman District,-41.3291062
Dunedin City Council,territorial authority in the Dunedin urban area of New Zealand,territorial authority of New Zealand,New Zealand,http://www.dunedin.govt.nz/,Dunedin City,
Auckland Council,governing body of New Zealand's Auckland Region,territorial authority of New Zealand,New Zealand,https://www.aucklandcouncil.govt.nz/,Auckland Region,-36.85
Wellington City Council,territorial authority in the Wellington urban area of New Zealand,territorial authority of New Zealand,New Zealand,https://wellington.govt.nz,Wellington City,-41.289136111111
Invercargill City Council,territorial authority of New Zealand,territorial authority of New Zealand,New Zealand,https://icc.govt.nz,Invercargill City,
Nelson City Council,unitary authority of New Zealand,territorial authority of New Zealand,New Zealand,http://www.nelson.govt.nz/,Nelson City,
Whakatāne District Council,territorial authority of New Zealand,territorial authority of New Zealand,New Zealand,https://www.whakatane.govt.nz/,Whakatāne District,-37.9526635
Greater Wellington Regional Council,regional council of New Zealand,regional council of New Zealand,New Zealand,http://www.gw.govt.nz/,Wellington Region,
Manawatū-Whanganui Regional Council,regional authority of New Zealand,regional council of New Zealand,New Zealand,http://www.horizons.govt.nz,Manawatū-Whanganui Region,
Ōpōtiki District Council,territorial authority of New Zealand,territorial authority of New Zealand,New Zealand,https://www.odc.govt.nz,Ōpōtiki District,
Bay of Plenty Regional Council,regional authority of New Zealand,regional council of New Zealand,New Zealand,https://www.boprc.govt.nz,Bay of Plenty Region,
Otago Regional Council,regional council in New Zealand,regional council of New Zealand,New Zealand,https://www.orc.govt.nz/,Otago Region,
Canterbury Regional Council,regional government in New Zealand,regional council of New Zealand,New Zealand,https://www.ecan.govt.nz/,Canterbury Region,
Northland Regional Council,regional council of New Zealand,regional council of New Zealand,New Zealand,https://www.nrc.govt.nz,Northland Region,
