label,description,Commons category,country,coordinate location,located in the administrative territorial entity,Curlie ID,Freebase ID,instance of,GeoNames ID,VIAF ID,capital of,page banner,topic's main category,local dialing code,Quora topic ID,postal code,category of associated people,area,MusicBrainz area ID,population,Gran Enciclopèdia Catalana ID,Who's on First ID,New Zealand Gazetteer place ID,GND ID,image,located in time zone,National Library of Israel J9U ID,elevation above sea level
Whangārei,city in New Zealand,Whangārei,New Zealand,-35.725,Whangarei District,Regional/Oceania/New_Zealand/Northland/Localities/Whangarei/,/m/01z7j0,city,6230919,156033925,Northland Region,Whangarei banner panorama.jpg,Category:Whangārei,09,Whangarei,0110,Category:People from Whangarei,+57.06,21074dc7-205b-4438-bb6c-2348e36597fe,+52600,0520620,101914253,48143,10198280-X,Whangārei view from Parahaki.jpg,UTC+12:00,987007557848905171,
Palmerston North,city on the North Island in New Zealand,Palmerston North,New Zealand,-40.354911,Palmerston North City,Regional/Oceania/New_Zealand/Manawatu/Localities/Palmerston_North/,/m/01tm2s,city,2185018,134877184,Manawatū-Whanganui Region,Palmerston North banner building in The Square.JPG,Category:Palmerston North,06,Palmerston-North-Manawatu-Whanganui-New-Zealand,4410,Category:People from Palmerston North,+326.0,33d355da-a98c-4c3b-8986-dfc3def709c4,+80300,0520319,101914259,35161,4248910-6,"Te Peeti Awe Awe Memorial, Palmerston North in New Zealand (15).JPG",UTC+12:00,987007566859505171,+46
Hamilton,largest city in New Zealand's Waikato region,"Hamilton, New Zealand",New Zealand,-37.783333333333,Hamilton City,Regional/Oceania/New_Zealand/Waikato/Localities/Hamilton/,/m/0lw_s,city,2190324,144757840,Waikato Region,Hamilton NZ banner Balloons over the Domain.JPG,"Category:Hamilton, New Zealand",07,Hamilton-Waikato-New-Zealand,,"Category:People from Hamilton, New Zealand",+110.8,b30b3600-3cd6-4762-b3c6-33a0a5aff27d,+176500,0265445,101914271,22102,4493831-7,GardenPlaceHamilton.jpg,UTC+12:00,987007564487405171,+40
Blenheim,town in New Zealand,"Blenheim, New Zealand",New Zealand,-41.516666666667,Marlborough District,Regional/Oceania/New_Zealand/Marlborough_District/Blenheim/,/m/02wl4m,town,6243926,151794179,Marlborough District,Blenheim New Zealand banner Avro Anson Mk1.jpg,"Category:Blenheim, New Zealand",03,Blenheim-New-Zealand-1,7201,"Category:People from Blenheim, New Zealand",+103.89,,+26400,0519912,101915709,16826,4241740-5,"ISS Blenheim, New Zealand.jpg",UTC+12:00,,
New Plymouth,city of New Zealand in Taranaki Region,New Plymouth,New Zealand,-39.057777777778,New Plymouth District,Regional/Oceania/New_Zealand/Taranaki/Localities/New_Plymouth/,/m/0173kj,city,2186239,246571128,Taranaki Region,New Plymouth banner Festival of Lights.JPG,Category:New Plymouth,06,New-Plymouth-Taranaki-New-Zealand,,Category:People from New Plymouth,+2324.26,a20712eb-0baf-444a-839d-cb8a8a005516,+55300,0520264,101914745,32238,4117855-5,PukeAriki20090727.jpg,,987007557264505171,+0
Gisborne,city in New Zealand,Gisborne,New Zealand,-38.6625,Gisborne District,Regional/Oceania/New_Zealand/Gisborne_District/,/m/01gbt2,city,2206854,146591918,Gisborne District,Gisborne Banner.JPG,"Category:Gisborne, New Zealand",06,Gisborne-New-Zealand-1,06,"Category:People from Gisborne, New Zealand",+38.42,a5547946-d00b-4f8e-8097-10e77ddafe10,+35500,0520023,101914591,21352,4718057-2,Gisborne nz 1.jpg,,987007550508105171,
Napier,city in the North Island of New Zealand,"Napier, New Zealand",New Zealand,-39.49027777777778,Napier City,Regional/Oceania/New_Zealand/Hawkes_Bay/Localities/Napier/,/m/0173gg,city,2186313,132310622,Hawke's Bay Region,Napier banner Tennyson Street.JPG,"Category:Napier, New Zealand",06,Napier-Hawkes-Bay-New-Zealand,,"Category:People from Napier, New Zealand",+106,2e8cdece-295a-4a22-b143-5b13a874d59b,+62800,0520257,101914679,32121,4604921-6,Napier and bay.jpg,,987007550504205171,+57
Greymouth,town in New Zealand,Greymouth,New Zealand,-42.45,Grey District,Regional/Oceania/New_Zealand/West_Coast/Localities/Greymouth/,/m/02_v_h,town,2206895,133756760,West Coast Region,Greymouth banner Mackay Street.jpg,Category:Greymouth,,Greymouth,7805,,+1848,,+8160,0520035,101915333,21901,4220618-2,Greymouth Town Clock.jpg,UTC+12:00,987007564603505171,+53
Christchurch,largest city in the South Island of New Zealand,"Christchurch, New Zealand",New Zealand,-43.53088888888889,Christchurch City,Regional/Oceania/New_Zealand/Canterbury/Christchurch/,/m/02yc5b,city,2192362,130182840,Canterbury Region,Christchurch Wikivoyage banner.jpg,Category:Christchurch,03,Christchurch-Canterbury-New-Zealand,8011,Category:People from Christchurch,+295.15,19f91eea-5c1a-48ae-849f-78c3185d121e,+383200,0017666,101914521,18448,4220594-3,NZL-christchurch-peac-f-arts-c.jpg,UTC+12:00,987007550221805171,+20
Richmond,"town in Tasman District, New Zealand","Richmond, New Zealand",New Zealand,-41.333333333333,Tasman District,,/m/03x4mn,town,2183472,,Tasman District,,"Category:Richmond, New Zealand",03,,7020,"Category:People from Richmond, New Zealand",+17.37,,+15000,,101914855,38469,,Richmond NZ Main Street 001.JPG,UTC+12:00,,+126
Dunedin,city in New Zealand's South Island,Dunedin,New Zealand,-45.87416666666667,Dunedin City,Regional/Oceania/New_Zealand/Otago/Localities/Dunedin/,/m/02y9wq,city,2191561,129002787,Otago Region,Otago Peninsula from Mount Cargill.jpg,Category:Dunedin,03,Dunedin-New-Zealand-1,"9010, 9011, 9012, 9013, 9014, 9016, 9018, 9022, 9023, 9024, 9035, 9076, 9077, 9081, 9082, 9092",Category:People from Dunedin,+3286.2,cf1f324c-2e69-4952-9a73-e190d0cde505,+99885,0023158,101914269,20040,4239149-0,NZL-dunedin-octogon-rath-stpauls.jpg,UTC+12:00,987007550217205171,+0
Auckland,city on the North Island New Zealand,Auckland,New Zealand,-36.85,Auckland Region,,/m/012ts,city,2193733,152448652,Auckland Region,Auckland banner City Skyline.jpg,Category:Auckland,09,Auckland-New-Zealand,0600–2699,Category:People from Auckland,+559,b2bc1294-77be-4c7b-af93-9868b83b1f34,+1467800,0006056,101914257,15829,4086091-7,Auckland CBD.jpg,UTC+12:00,987007566733905171,+196
Wellington,"capital of New Zealand; urban area of the cities of Wellington, Lower Hutt, Upper Hutt, and Porirua",Wellington urban area,New Zealand,-41.288888888889,Wellington City,,/m/0853g,urban area,2179537,146566340,New Zealand,Wellington Lagoon from City to Sea Bridge banner.jpg,Category:Wellington,04,Wellington-New-Zealand,5010,,+444,e6e36a58-3344-4d84-a9ab-d001e5a02330,+418500,0071999,,54686,4119042-7,WellingtonPanorama.jpg,UTC+12:00,987007559670205171,+0
Invercargill,city in New Zealand's Southland region,Invercargill,New Zealand,-46.429,Invercargill City,Regional/Oceania/New_Zealand/Southland/Localities/Invercargill/,/m/01nh5h,city,2189529,127885979,Southland Region,Invercargill banner.jpg,Category:Invercargill,03,Invercargill-Southland-New-Zealand,,Category:People from Invercargill,+491,bb134bbf-dd13-463c-86e4-30cdadea388d,+48700,0520087,101915515,23532,261122-3,"Downtown Invercargill, Southland, New Zealand.jpg",,987007553062405171,+0
Nelson,"city on the South Island, New Zealand","Nelson, New Zealand",New Zealand,-41.293056,Nelson City,Regional/Oceania/New_Zealand/Nelson/Localities/Nelson_City/Travel_and_Tourism/,/m/0gs0g,city,2186280,153579749,Nelson Region,Nelson NZ banner.jpg,"Category:Nelson, New Zealand",03,Nelson-New-Zealand,"7010, 7011, 7020","Category:People from Nelson, New Zealand",+445,c6725380-3835-4f29-b795-3519258a00d4,+46437,0520260,101915555,32186,4251410-1,Nelson New Zealand.jpg,UTC+12:00,987007557264005171,+0
Whakatāne,"town in Bay of Plenty, New Zealand",Whakatāne,New Zealand,-37.964,Whakatāne District,Regional/Oceania/New_Zealand/Bay_of_Plenty/Localities/Whakatane/,/m/02p0xz,town,2208330,136092080,Bay of Plenty Region,Whakatane banner Heads.jpg,Category:Whakatāne,,,3120,,+4441,,+15850,0520614,101914327,47954,,Whakatane Town.jpg,UTC+12:00,987007566892305171,
