label,description,instance of,Commons category,category contains,category combines topics
Category:People from the Northland Region,Wikimedia category,Wikimedia category,People of the Northland Region,human,person related to this place
Category:People from Manawatū-Whanganui,Wikimedia category,Wikimedia category,People of the Manawatu-Whanganui Region,human,Manawatū-Whanganui Region
Category:People from Waikato,Wikimedia category,Wikimedia category,People of the Waikato Region,human,Waikato Region
Category:People from the Marlborough Region,Wikimedia category,Wikimedia category,People of the Marlborough Region,human,Marlborough District
Category:People from Taranaki,Wikimedia category,Wikimedia category,People of the Taranaki Region,human,person related to this place
Category:People from the Gisborne District,Wikimedia category,Wikimedia category,People of the Gisborne Region,human,person related to this place
Category:People from the Hawke's Bay Region,Wikimedia category,Wikimedia category,People of the Hawke's Bay Region,human,Hawke's Bay Region
"Category:People from the West Coast, New Zealand",Wikimedia category,Wikimedia category,People of the West Coast Region,human,West Coast Region
"Category:People from Canterbury, New Zealand",Wikimedia category,Wikimedia category,People of the Canterbury Region,human,Canterbury Region
Category:People from the Tasman District,Wikimedia category,Wikimedia category,People of the Tasman Region,human,Tasman District
Category:People from the Auckland Region,Wikimedia category,Wikimedia category,People of the Auckland Region,human,person related to this place
Category:People from the Wellington Region,Wikimedia category,Wikimedia category,People of the Wellington Region,human,person related to this place
"Category:People from Southland, New Zealand",Wikimedia category,Wikimedia category,People of the Southland Region,human,Southland Region
Category:People from the Bay of Plenty Region,Wikimedia category,Wikimedia category,People of the Bay of Plenty Region,human,person related to this place
Category:People from Whangarei,Wikimedia category,Wikimedia category,People of Whangārei,human,Whangārei
Category:People from Palmerston North,Wikimedia category,Wikimedia category,People of Palmerston North,human,Palmerston North
"Category:People from Hamilton, New Zealand",Wikimedia category,Wikimedia category,"People of Hamilton, New Zealand",human,Hamilton
"Category:People from Blenheim, New Zealand",Wikimedia category,Wikimedia category,,human,person related to this place
Category:People from New Plymouth,Wikimedia category page,Wikimedia category,People of New Plymouth,human,person related to this place
"Category:People from Gisborne, New Zealand",Wikimedia category,Wikimedia category,People of Gisborne,human,Gisborne
"Category:People from Napier, New Zealand",Wikimedia category,Wikimedia category,"People of Napier, New Zealand",human,person related to this place
Category:People from Christchurch,Wikimedia category,Wikimedia category,People of Christchurch,human,Christchurch
"Category:People from Richmond, New Zealand",Wikimedia category,Wikimedia category,,human,person related to this place
Category:People from Dunedin,Wikimedia category,Wikimedia category,People of Dunedin,human,person related to this place
Category:People from Auckland,Wikimedia category,Wikimedia category,People of Auckland,human,Auckland
Category:People from Invercargill,Wikimedia category,Wikimedia category,People of Invercargill,human,Invercargill
"Category:People from Nelson, New Zealand",Wikimedia category,Wikimedia category,"People of Nelson, New Zealand",human,person related to this place
