label,description,instance of,country,official website,applies to jurisdiction,coordinate location
"['Whangarei District Council', 'Q73710807']",territorial authority of New Zealand,"['territorial authority of New Zealand', 'Q941036']","['New Zealand', 'Q664']",http://www.wdc.govt.nz,"['Whangarei District', 'Q3696415']",-35.6917539
"['Palmerston North City Council', 'Q30264297']",territorial authority of New Zealand,"['territorial authority of New Zealand', 'Q941036']","['New Zealand', 'Q664']",http://www.pncc.govt.nz/,"['Palmerston North City', 'Q49107530']",-40.356764
"['Hamilton City Council', 'Q82617700']",territorial authority of New Zealand,"['territorial authority of New Zealand', 'Q941036']","['New Zealand', 'Q664']",https://www.hamilton.govt.nz/,"['Hamilton City', 'Q32215385']",-37.7882762
"['Marlborough District Council', 'Q65600563']",unitary authority of New Zealand,"['unitary authority of New Zealand', 'Q15078732']","['New Zealand', 'Q664']",https://www.marlborough.govt.nz/,"['Marlborough District', 'Q140083']",-41.4012788
"['New Plymouth District Council', 'Q73808569']",territorial authority of New Zealand,"['territorial authority of New Zealand', 'Q941036']","['New Zealand', 'Q664']",https://www.newplymouthnz.com,"['New Plymouth District', 'Q4846747']",-39.0593996
"['Gisborne District Council', 'Q65600613']",unitary authority of New Zealand,"['unitary authority of New Zealand', 'Q15078732']","['New Zealand', 'Q664']",http://www.gdc.govt.nz/,"['Gisborne District', 'Q140246']",-38.6649761
"['Napier City Council', 'Q73593334']",territorial authority of New Zealand,"['territorial authority of New Zealand', 'Q941036']","['New Zealand', 'Q664']",https://www.napier.govt.nz,"['Napier City', 'Q32293725']",
"['Grey District Council', 'Q65617355']",territorial authority of New Zealand,"['territorial authority of New Zealand', 'Q941036']","['New Zealand', 'Q664']",https://www.greydc.govt.nz/,"['Grey District', 'Q642203']",-42.4524633
"['Christchurch City Council', 'Q5109064']","local government authority for Christchurch, Canterbury in New Zealand","['city council', 'Q3154693']","['New Zealand', 'Q664']",https://ccc.govt.nz/,"['Christchurch City', 'Q32159699']",-43.53
"['Tasman District Council', 'Q7687392']","unitary authority for Tasman District, New Zealand","['unitary authority of New Zealand', 'Q15078732']","['New Zealand', 'Q664']",https://www.tasman.govt.nz/,"['Tasman District', 'Q666142']",-41.3291062
"['Dunedin City Council', 'Q17050041']",territorial authority in the Dunedin urban area of New Zealand,"['territorial authority of New Zealand', 'Q941036']","['New Zealand', 'Q664']",http://www.dunedin.govt.nz/,"['Dunedin City', 'Q96249787']",
"['Auckland Council', 'Q758635']",governing body of New Zealand's Auckland Region,"['territorial authority of New Zealand', 'Q941036']","['New Zealand', 'Q664']",https://www.aucklandcouncil.govt.nz/,"['Auckland Region', 'Q726917']",-36.85
"['Wellington City Council', 'Q601800']",territorial authority in the Wellington urban area of New Zealand,"['territorial authority of New Zealand', 'Q941036']","['New Zealand', 'Q664']",https://wellington.govt.nz,"['Wellington City', 'Q47037646']",-41.289136111111
"['Invercargill City Council', 'Q73580371']",territorial authority of New Zealand,"['territorial authority of New Zealand', 'Q941036']","['New Zealand', 'Q664']",https://icc.govt.nz,"['Invercargill City', 'Q32227864']",
"['Nelson City Council', 'Q6990429']",unitary authority of New Zealand,"['territorial authority of New Zealand', 'Q941036']","['New Zealand', 'Q664']",http://www.nelson.govt.nz/,"['Nelson City', 'Q32294447']",
"['Whakatāne District Council', 'Q65600652']",territorial authority of New Zealand,"['territorial authority of New Zealand', 'Q941036']","['New Zealand', 'Q664']",https://www.whakatane.govt.nz/,"['Whakatāne District', 'Q26269088']",-37.9526635
"['Greater Wellington Regional Council', 'Q59125327']",regional council of New Zealand,"['regional council of New Zealand', 'Q65600637']","['New Zealand', 'Q664']",http://www.gw.govt.nz/,"['Wellington Region', 'Q856010']",
"['Manawatū-Whanganui Regional Council', 'Q84623068']",regional authority of New Zealand,"['regional council of New Zealand', 'Q65600637']","['New Zealand', 'Q664']",http://www.horizons.govt.nz,"['Manawatū-Whanganui Region', 'Q139907']",
"['Ōpōtiki District Council', 'Q73592323']",territorial authority of New Zealand,"['territorial authority of New Zealand', 'Q941036']","['New Zealand', 'Q664']",https://www.odc.govt.nz,"['Ōpōtiki District', 'Q2027043']",
"['Bay of Plenty Regional Council', 'Q84627544']",regional authority of New Zealand,"['regional council of New Zealand', 'Q65600637']","['New Zealand', 'Q664']",https://www.boprc.govt.nz,"['Bay of Plenty Region', 'Q2192924']",
"['Otago Regional Council', 'Q7108351']",regional council in New Zealand,"['regional council of New Zealand', 'Q65600637']","['New Zealand', 'Q664']",https://www.orc.govt.nz/,"['Otago Region', 'Q692912']",
"['Canterbury Regional Council', 'Q5033686']",regional government in New Zealand,"['regional council of New Zealand', 'Q65600637']","['New Zealand', 'Q664']",https://www.ecan.govt.nz/,"['Canterbury Region', 'Q657004']",
"['Northland Regional Council', 'Q71639058']",regional council of New Zealand,"['regional council of New Zealand', 'Q65600637']","['New Zealand', 'Q664']",https://www.nrc.govt.nz,"['Northland Region', 'Q59596']",
