label,description,instance of,Commons category,category contains,category combines topics
"['Category:People from the Northland Region', 'Q11708355']",Wikimedia category,"['Wikimedia category', 'Q4167836']",People of the Northland Region,"['human', 'Q5']","['person related to this place', 'Q19660746']"
"['Category:People from Manawatū-Whanganui', 'Q8754997']",Wikimedia category,"['Wikimedia category', 'Q4167836']",People of the Manawatu-Whanganui Region,"['human', 'Q5']","['Manawatū-Whanganui Region', 'Q139907']"
"['Category:People from Waikato', 'Q8755309']",Wikimedia category,"['Wikimedia category', 'Q4167836']",People of the Waikato Region,"['human', 'Q5']","['Waikato Region', 'Q139918']"
"['Category:People from the Marlborough Region', 'Q8755000']",Wikimedia category,"['Wikimedia category', 'Q4167836']",People of the Marlborough Region,"['human', 'Q5']","['Marlborough District', 'Q140083']"
"['Category:People from Taranaki', 'Q11710107']",Wikimedia category,"['Wikimedia category', 'Q4167836']",People of the Taranaki Region,"['human', 'Q5']","['person related to this place', 'Q19660746']"
"['Category:People from the Gisborne District', 'Q8754938']",Wikimedia category,"['Wikimedia category', 'Q4167836']",People of the Gisborne Region,"['human', 'Q5']","['person related to this place', 'Q19660746']"
"[""Category:People from the Hawke's Bay Region"", 'Q8754959']",Wikimedia category,"['Wikimedia category', 'Q4167836']",People of the Hawke's Bay Region,"['human', 'Q5']","[""Hawke's Bay Region"", 'Q251825']"
"['Category:People from the West Coast, New Zealand', 'Q8755314']",Wikimedia category,"['Wikimedia category', 'Q4167836']",People of the West Coast Region,"['human', 'Q5']","['West Coast Region', 'Q541468']"
"['Category:People from Canterbury, New Zealand', 'Q10182980']",Wikimedia category,"['Wikimedia category', 'Q4167836']",People of the Canterbury Region,"['human', 'Q5']","['Canterbury Region', 'Q657004']"
"['Category:People from the Tasman District', 'Q8755293']",Wikimedia category,"['Wikimedia category', 'Q4167836']",People of the Tasman Region,"['human', 'Q5']","['Tasman District', 'Q666142']"
"['Category:People from the Auckland Region', 'Q8754812']",Wikimedia category,"['Wikimedia category', 'Q4167836']",People of the Auckland Region,"['human', 'Q5']","['person related to this place', 'Q19660746']"
"['Category:People from the Wellington Region', 'Q8755311']",Wikimedia category,"['Wikimedia category', 'Q4167836']",People of the Wellington Region,"['human', 'Q5']","['person related to this place', 'Q19660746']"
"['Category:People from Southland, New Zealand', 'Q8755282']",Wikimedia category,"['Wikimedia category', 'Q4167836']",People of the Southland Region,"['human', 'Q5']","['Southland Region', 'Q864971']"
"['Category:People from the Bay of Plenty Region', 'Q8754816']",Wikimedia category,"['Wikimedia category', 'Q4167836']",People of the Bay of Plenty Region,"['human', 'Q5']","['person related to this place', 'Q19660746']"
"['Category:People from Whangarei', 'Q7930997']",Wikimedia category,"['Wikimedia category', 'Q4167836']",People of Whangārei,"['human', 'Q5']","['Whangārei', 'Q744239']"
"['Category:People from Palmerston North', 'Q8745218']",Wikimedia category,"['Wikimedia category', 'Q4167836']",People of Palmerston North,"['human', 'Q5']","['Palmerston North', 'Q212289']"
"['Category:People from Hamilton, New Zealand', 'Q8735793']",Wikimedia category,"['Wikimedia category', 'Q4167836']","People of Hamilton, New Zealand","['human', 'Q5']","['Hamilton', 'Q200028']"
"['Category:People from Blenheim, New Zealand', 'Q8728278']",Wikimedia category,"['Wikimedia category', 'Q4167836']",,"['human', 'Q5']","['person related to this place', 'Q19660746']"
"['Category:People from New Plymouth', 'Q8743705']",Wikimedia category page,"['Wikimedia category', 'Q4167836']",People of New Plymouth,"['human', 'Q5']","['person related to this place', 'Q19660746']"
"['Category:People from Gisborne, New Zealand', 'Q8734727']",Wikimedia category,"['Wikimedia category', 'Q4167836']",People of Gisborne,"['human', 'Q5']","['Gisborne', 'Q233467']"
"['Category:People from Napier, New Zealand', 'Q8743388']",Wikimedia category,"['Wikimedia category', 'Q4167836']","People of Napier, New Zealand","['human', 'Q5']","['person related to this place', 'Q19660746']"
"['Category:People from Christchurch', 'Q7234797']",Wikimedia category,"['Wikimedia category', 'Q4167836']",People of Christchurch,"['human', 'Q5']","['Christchurch', 'Q79990']"
"['Category:People from Richmond, New Zealand', 'Q24973840']",Wikimedia category,"['Wikimedia category', 'Q4167836']",,"['human', 'Q5']","['person related to this place', 'Q19660746']"
"['Category:People from Dunedin', 'Q9070327']",Wikimedia category,"['Wikimedia category', 'Q4167836']",People of Dunedin,"['human', 'Q5']","['person related to this place', 'Q19660746']"
"['Category:People from Auckland', 'Q7119092']",Wikimedia category,"['Wikimedia category', 'Q4167836']",People of Auckland,"['human', 'Q5']","['Auckland', 'Q37100']"
"['Category:People from Invercargill', 'Q8737290']",Wikimedia category,"['Wikimedia category', 'Q4167836']",People of Invercargill,"['human', 'Q5']","['Invercargill', 'Q31805']"
"['Category:People from Nelson, New Zealand', 'Q7921602']",Wikimedia category,"['Wikimedia category', 'Q4167836']","People of Nelson, New Zealand","['human', 'Q5']","['person related to this place', 'Q19660746']"
