label,description,country,located in the administrative territorial entity,coordinate location,instance of,GeoNames ID,area,population,shares border with,New Zealand Gazetteer place ID,authority,iNaturalist place ID,Commons category
"['Whangarei District', 'Q3696415']",territorial authority district in New Zealand's Northland region,"['New Zealand', 'Q664']","['Northland Region', 'Q59596']",-35.719,"['district of New Zealand', 'Q2881272']",2179291,2854.32,91400,"['Far North District', 'Q1365839']",15039,"['Whangarei District Council', 'Q73710807']",40497,
"['Palmerston North City', 'Q49107530']",territorial authority district of New Zealand,"['New Zealand', 'Q664']","['Manawatū-Whanganui Region', 'Q139907']",-40.3569833333333,"['district of New Zealand', 'Q2881272']",7910056,,84639,,15000,"['Palmerston North City Council', 'Q30264297']",40488,Palmerston North City
"['Hamilton City', 'Q32215385']",territorial authority district of New Zealand,"['New Zealand', 'Q664']","['Waikato Region', 'Q139918']",-37.7779,"['district of New Zealand', 'Q2881272']",7910041,,160911,"['Waikato District', 'Q1973593']",14973,"['Hamilton City Council', 'Q82617700']",,"Hamilton City, New Zealand"
"['Marlborough District', 'Q140083']",region and district in the north of New Zealand's South Island,"['New Zealand', 'Q664']","['New Zealand', 'Q664']",-41.883333333333,"['region of New Zealand', 'Q216712']",2187304,12484.59,47340,"['Wellington Region', 'Q856010']",,"['Marlborough District Council', 'Q65600563']",11511,Marlborough District
"['New Plymouth District', 'Q4846747']","territorial authority district in Taranaki Region, New Zealand","['New Zealand', 'Q664']","['Taranaki Region', 'Q140207']",-39.098,"['district of New Zealand', 'Q2881272']",2186240,2324.26,81900,"['South Taranaki District', 'Q1972712']",14994,"['New Plymouth District Council', 'Q73808569']",40509,
"['Gisborne District', 'Q140246']",region on the east coast of New Zealand's North Island,"['New Zealand', 'Q664']","['New Zealand', 'Q664']",-38.66667,"['region of New Zealand', 'Q216712']",2190767,8385.33,47517,"['Ōpōtiki District', 'Q2027043']",14969,"['Gisborne District Council', 'Q65600613']",11508,Gisborne District
"['Napier City', 'Q32293725']",territorial authority district of New Zealand,"['New Zealand', 'Q664']","[""Hawke's Bay Region"", 'Q251825']",-39.47933,"['district of New Zealand', 'Q2881272']",7910054,105.4,62241,"['Hastings District', 'Q26772450']",14992,"['Napier City Council', 'Q73593334']",40484,Napier City
"['Grey District', 'Q642203']",district in New Zealand's South Island,"['New Zealand', 'Q664']","['West Coast Region', 'Q541468']",-42.546,"['district of New Zealand', 'Q2881272']",7910040,3515.4,13334,"['Buller District', 'Q1004325']",14972,"['Grey District Council', 'Q65617355']",40533,Grey District
"['Christchurch City', 'Q32159699']",territorial authority district of New Zealand,"['New Zealand', 'Q664']","['Canterbury Region', 'Q657004']",-43.64578,"['district of New Zealand', 'Q2881272']",7910036,1608.6,385500,"['Waimakariri District', 'Q1542322']",14964,"['Christchurch City Council', 'Q5109064']",,Christchurch City
"['Tasman District', 'Q666142']",region in the northwest of New Zealand's South Island,"['New Zealand', 'Q664']","['New Zealand', 'Q664']",-41.5,"['region of New Zealand', 'Q216712']",2181818,9771,52389,"['Marlborough District', 'Q140083']",15017,"['Tasman District Council', 'Q7687392']",40494,Tasman Region
"['Dunedin City', 'Q96249787']",territorial authority district of New Zealand,"['New Zealand', 'Q664']","['Otago Region', 'Q692912']",-45.877,"['district of New Zealand', 'Q2881272']",,3350.4,126255,,14966,"['Dunedin City Council', 'Q17050041']",40501,
"['Auckland Region', 'Q726917']",region of New Zealand's North Island,"['New Zealand', 'Q664']","['New Zealand', 'Q664']",-36.9,"['region of New Zealand', 'Q216712']",2193734,4894,1571718,"['Northland Region', 'Q59596']",54693,"['Auckland Council', 'Q758635']",8345,Auckland Region
"['Wellington City', 'Q47037646']",territorial authority district in New Zealand,"['New Zealand', 'Q664']","['Wellington Region', 'Q856010']",-41.253,"['administrative territorial entity of New Zealand', 'Q15063160']",7910072,290.11,215400,"['Lower Hutt City', 'Q32249141']",15034,"['Wellington City Council', 'Q601800']",40531,Wellington City
"['Invercargill City', 'Q32227864']",district of New Zealand,"['New Zealand', 'Q664']","['Southland Region', 'Q864971']",-46.435,"['district of New Zealand', 'Q2881272']",7910045,,54204,,14979,"['Invercargill City Council', 'Q73580371']",40508,Invercargill City
"['Nelson City', 'Q32294447']",territorial authority district of New Zealand,"['New Zealand', 'Q664']","['Nelson Region', 'Q1995856']",-41.22227,"['district of New Zealand', 'Q2881272']",7910055,,50880,,14993,"['Nelson City Council', 'Q6990429']",,
"['Whakatāne District', 'Q26269088']","territorial authority district in Bay of Plenty Region, New Zealand","['New Zealand', 'Q664']","['Bay of Plenty Region', 'Q2192924']",-38.4,"['district of New Zealand', 'Q2881272']",2179374,4450,35700,"['Kawerau District', 'Q25387745']",15038,"['Whakatāne District Council', 'Q65600652']",40466,Whakatāne District
"['Northland Region', 'Q59596']",region at the northern end of New Zealand's North Island,"['New Zealand', 'Q664']","['New Zealand', 'Q664']",-35.58,"['region of New Zealand', 'Q216712']",2185978,13789,179100,"['Auckland Region', 'Q726917']",14996,"['Northland Regional Council', 'Q71639058']",7911,Northland Region
"['Manawatū-Whanganui Region', 'Q139907']",region in New Zealand's North Island,"['New Zealand', 'Q664']","['New Zealand', 'Q664']",-39.6,"['region of New Zealand', 'Q216712']",2179671,22215,243700,"['Wellington Region', 'Q856010']",58038,"['Manawatū-Whanganui Regional Council', 'Q84623068']",11510,Manawatū-Whanganui Region
"['Waikato Region', 'Q139918']",region in New Zealand's North Island,"['New Zealand', 'Q664']","['New Zealand', 'Q664']",-37.5,"['region of New Zealand', 'Q216712']",2180293,25598,468800,"['Auckland Region', 'Q726917']",15023,"['Waikato Regional Council', 'Q84773951']",6804,Waikato Region
"['New Zealand', 'Q664']",island country in the southwest Pacific Ocean,"['New Zealand', 'Q664']",,-41.2,"['island nation', 'Q112099']",2186224,268021,5118700,"['Australia', 'Q408']",,,6803,New Zealand
"['Taranaki Region', 'Q140207']",region on the west coast of New Zealand's North Island,"['New Zealand', 'Q664']","['New Zealand', 'Q664']",-39.3,"['region of New Zealand', 'Q216712']",2181872,7257,119600,"['Manawatū-Whanganui Region', 'Q139907']",,"['Taranaki Regional Council', 'Q84628317']",11513,Taranaki Region
"[""Hawke's Bay Region"", 'Q251825']",region on the east coast of New Zealand's North Island,"['New Zealand', 'Q664']","['New Zealand', 'Q664']",-39.416666666667,"['region of New Zealand', 'Q216712']",2190146,14111,166368,"['Bay of Plenty Region', 'Q2192924']",14976,"[""Hawke's Bay Regional Council"", 'Q84623319']",11509,Hawke's Bay Region
"['West Coast Region', 'Q541468']",region of New Zealand's South Island,"['New Zealand', 'Q664']","['New Zealand', 'Q664']",-42.6,"['region of New Zealand', 'Q216712']",6612113,23276,31575,"['Tasman District', 'Q666142']",,"['West Coast Regional Council', 'Q84774183']",13150,West Coast Region
"['Canterbury Region', 'Q657004']",region of New Zealand's South Island,"['New Zealand', 'Q664']","['New Zealand', 'Q664']",-43.6,"['region of New Zealand', 'Q216712']",2192628,44504.3,624200,"['Otago Region', 'Q692912']",14959,"['Canterbury Regional Council', 'Q5033686']",8479,Canterbury Region
"['Otago Region', 'Q692912']",region in the southeast of New Zealand's South Island,"['New Zealand', 'Q664']","['New Zealand', 'Q664']",-45.28,"['region of New Zealand', 'Q216712']",6612109,31241,229200,"['Canterbury Region', 'Q657004']",14998,"['Otago Regional Council', 'Q7108351']",6839,Otago Region
"['Wellington Region', 'Q856010']",region at the southern end of New Zealand's North Island,"['New Zealand', 'Q664']","['New Zealand', 'Q664']",-41.283333333333,"['region of New Zealand', 'Q216712']",2179538,8140,504900,"['Manawatū-Whanganui Region', 'Q139907']",15033,"['Greater Wellington Regional Council', 'Q59125327']",6867,Wellington Region
"['Southland Region', 'Q864971']",region in southern New Zealand,"['New Zealand', 'Q664']","['New Zealand', 'Q664']",-45.7,"['region of New Zealand', 'Q216712']",2182501,34347,102600,"['Otago Region', 'Q692912']",15012,"['Southland Regional Council', 'Q1352429']",8293,Southland Region
"['Nelson Region', 'Q1995856']",region of New Zealand,"['New Zealand', 'Q664']","['New Zealand', 'Q664']",-41.27089,"['region of New Zealand', 'Q216712']",6612108,422.19,54600,"['Marlborough District', 'Q140083']",59138,,,Nelson Region
"['Bay of Plenty Region', 'Q2192924']",region in New Zealand's North Island,"['New Zealand', 'Q664']","['New Zealand', 'Q664']",-38.2,"['region of New Zealand', 'Q216712']",2182560,12231,308499,"['Gisborne District', 'Q140246']",14957,"['Bay of Plenty Regional Council', 'Q84627544']",8335,Bay of Plenty Region
