label,description,locator map image,country,Commons category,ISO 3166-2 code,located in the administrative territorial entity,instance of,page banner,coordinate location,Freebase ID,FIPS 10-4 (countries and regions),topic's main category,GeoNames ID,area,capital,VIAF ID,located in time zone,category of associated people,population,shares border with,Who's on First ID,authority,New Zealand Gazetteer place ID,MusicBrainz area ID,geoshape,image,iNaturalist place ID,OpenStreetMap relation ID,archINFORM location ID
"['Northland Region', 'Q59596']",region at the northern end of New Zealand's North Island,Northland in New Zealand.svg,"['New Zealand', 'Q664']",Northland Region,NZ-NTL,"['New Zealand', 'Q664']","['region of New Zealand', 'Q216712']",North banner.jpg,-35.58,/m/01z7k4,NZF6,"['Category:Northland Region', 'Q8684580']",2185978,+13789,"['Whangārei', 'Q744239']",153737106,"['UTC+12:00', 'Q7105']","['Category:People from the Northland Region', 'Q11708355']",+179100,"['Auckland Region', 'Q726917']",85687149,"['Northland Regional Council', 'Q71639058']",14996,86a42e3a-3922-4ec1-8295-6df681980009,Data:New Zealand/Northland.map,"Parua Bay, Northland, New Zealand, 4th. Dec. 2010 - Flickr - PhillipC.jpg",7911,2133870,
"['Manawatū-Whanganui Region', 'Q139907']",region in New Zealand's North Island,Manawatu-Wanganui in New Zealand.svg,"['New Zealand', 'Q664']",Manawatū-Whanganui Region,NZ-MWT,"['New Zealand', 'Q664']","['region of New Zealand', 'Q216712']",,-39.6,/m/02b8k9,NZF3,"['Category:Manawatū-Whanganui', 'Q8604667']",2179671,+22215,"['Palmerston North', 'Q212289']",153951474,"['UTC+12:00', 'Q7105']","['Category:People from Manawatū-Whanganui', 'Q8754997']",+243700,"['Wellington Region', 'Q856010']",85687251,"['Manawatū-Whanganui Regional Council', 'Q84623068']",58038,2cf54896-777c-4bba-9fd6-8f3bdca550d3,Data:New Zealand/Manawatu-Wanganui.map,"Kai Iwi Beach, New Zealand (1).JPG",11510,1638992,12281
"['Waikato Region', 'Q139918']",region in New Zealand's North Island,Waikato in New Zealand.svg,"['New Zealand', 'Q664']",Waikato Region,NZ-WKO,"['New Zealand', 'Q664']","['region of New Zealand', 'Q216712']",Waikato Wikivoyage Banner.jpg,-37.5,/m/01lbq0,NZG1,"['Category:Waikato', 'Q8172757']",2180293,+25598,"['Hamilton', 'Q200028']",,"['UTC+12:00', 'Q7105']","['Category:People from Waikato', 'Q8755309']",+468800,"['Auckland Region', 'Q726917']",85687229,"['Waikato Regional Council', 'Q84773951']",15023,b91a4cd9-b758-4556-a936-61958ee5ea2c,Data:New Zealand/Waikato.map,Waikato river 750px.jpg,6804,2094142,12271
"['Marlborough District', 'Q140083']",region and district in the north of New Zealand's South Island,Marlborough in New Zealand.svg,"['New Zealand', 'Q664']",Marlborough District,NZ-MBH,"['New Zealand', 'Q664']","['region of New Zealand', 'Q216712']","Long Island, Marlborough Sounds.jpg",-41.883333333333,/m/0161gs,NZF4,"['Category:Marlborough Region', 'Q6462800']",2187304,+12484.59,"['Blenheim', 'Q883831']",144399858,"['UTC+12:00', 'Q7105']","['Category:People from the Marlborough Region', 'Q8755000']",+47340,"['Wellington Region', 'Q856010']",85687185,"['Marlborough District Council', 'Q65600563']",,,Data:New Zealand/Marlborough District.map,Marlborough Sounds From Ferry.jpg,11511,4266977,12277
"['Taranaki Region', 'Q140207']",region on the west coast of New Zealand's North Island,Taranaki in New Zealand.svg,"['New Zealand', 'Q664']",Taranaki Region,NZ-TKI,"['New Zealand', 'Q664']","['region of New Zealand', 'Q216712']",Taranaki banner Mount Taranaki from New Plymouth.JPG,-39.3,/m/0173jr,NZF9,"['Category:Taranaki', 'Q8831276']",2181872,+7257,"['New Plymouth', 'Q212984']",144263751,"['UTC+12:00', 'Q7105']","['Category:People from Taranaki', 'Q11710107']",+119600,"['Manawatū-Whanganui Region', 'Q139907']",85687195,"['Taranaki Regional Council', 'Q84628317']",,b31ea301-52d0-4579-85fe-89b03f66e425,Data:New Zealand/Taranaki.map,Mt Taranaki.JPG,11513,1643812,12269
"['Gisborne District', 'Q140246']",region on the east coast of New Zealand's North Island,Gisborne in New Zealand.svg,"['New Zealand', 'Q664']",Gisborne District,NZ-GIS,"['New Zealand', 'Q664']","['region of New Zealand', 'Q216712']",WV banner East Coast Lake Waikaremoana.jpg,-38.66667,/m/076tr7f,NZF1,"['Category:Gisborne District', 'Q8968356']",2190767,+8385.33,"['Gisborne', 'Q233467']",124684929,"['UTC+12:00', 'Q7105']","['Category:People from the Gisborne District', 'Q8754938']",+47517,"['Ōpōtiki District', 'Q2027043']",85687237,"['Gisborne District Council', 'Q65600613']",14969,7a29390f-ba84-45eb-ade4-c4d2ac1ee5e1,Data:New Zealand/Gisborne District.map,"Māhia, Gisborne.jpg",11508,2643819,12280
"[""Hawke's Bay Region"", 'Q251825']",region on the east coast of New Zealand's North Island,Hawke's Bay in New Zealand.svg,"['New Zealand', 'Q664']",Hawke's Bay Region,NZ-HKB,"['New Zealand', 'Q664']","['region of New Zealand', 'Q216712']",WV banner Hawkes Bay Vineyard outside Havelock north.jpg,-39.416666666667,/m/0125s7,NZF2,"[""Category:Hawke's Bay Region"", 'Q8506456']",2190146,+14111,"['Napier', 'Q203380']",,"['UTC+12:00', 'Q7105']","[""Category:People from the Hawke's Bay Region"", 'Q8754959']",+166368,"['Bay of Plenty Region', 'Q2192924']",85687189,"[""Hawke's Bay Regional Council"", 'Q84623319']",14976,2577f8f5-ed86-4b3d-9e7f-9cb4451dad1c,Data:New Zealand/Hawke's Bay.map,HawkesBay03LB.jpg,11509,1643811,3407
"['West Coast Region', 'Q541468']",region of New Zealand's South Island,West Coast in New Zealand.svg,"['New Zealand', 'Q664']",West Coast Region,NZ-WTC,"['New Zealand', 'Q664']","['region of New Zealand', 'Q216712']",WV banner West Coast Franz Josef glacier.jpg,-42.6,/m/017l75,NZG3,"['Category:West Coast, New Zealand', 'Q8137983']",6612113,+23276,"['Greymouth', 'Q934790']",125838579,"['UTC+12:00', 'Q7105']","['Category:People from the West Coast, New Zealand', 'Q8755314']",+31575,"['Tasman District', 'Q666142']",85687165,"['West Coast Regional Council', 'Q84774183']",,,Data:New Zealand/West Coast.map,Punakaiki - looking south.jpg,13150,1640136,12279
"['Canterbury Region', 'Q657004']",region of New Zealand's South Island,Canterbury in New Zealand.svg,"['New Zealand', 'Q664']",Canterbury Region,NZ-CAN,"['New Zealand', 'Q664']","['region of New Zealand', 'Q216712']","Canterbury, South Island banner 3.jpg",-43.6,/m/0gs0w,NZE9,"['Category:Canterbury, New Zealand', 'Q7459909']",2192628,+44504.3,"['Christchurch', 'Q79990']",126676389,"['UTC+12:00', 'Q7105']","['Category:People from Canterbury, New Zealand', 'Q10182980']",+624200,"['Otago Region', 'Q692912']",85687179,"['Canterbury Regional Council', 'Q5033686']",14959,da0c2c08-70b5-4dba-bebc-11fb30d4cd69,Data:New Zealand/Canterbury.map,Christchurch Skyline.jpg,8479,1640137,12274
"['Tasman District', 'Q666142']",region in the northwest of New Zealand's South Island,Tasman in New Zealand.svg,"['New Zealand', 'Q664']",Tasman Region,NZ-TAS,"['New Zealand', 'Q664']","['region of New Zealand', 'Q216712']",,-41.5,/m/02rt84,,"['Category:Tasman District', 'Q8831648']",2181818,+9771,"['Richmond', 'Q1208462']",129202778,"['UTC+12:00', 'Q7105']","['Category:People from the Tasman District', 'Q8755293']",+52389,"['Marlborough District', 'Q140083']",85687219,"['Tasman District Council', 'Q7687392']",15017,1eb5e691-a1d1-45f9-bcce-ddc6eb7a590a,Data:New Zealand/Tasman District.map,Maruia Falls.JPG,40494,4266979,12276
"['Otago Region', 'Q692912']",region in the southeast of New Zealand's South Island,Otago in New Zealand.svg,"['New Zealand', 'Q664']",Otago Region,NZ-OTA,"['New Zealand', 'Q664']","['region of New Zealand', 'Q216712']",Otago banner Moeraki Boulders.JPG,-45.28,/m/0phcx,NZF7,"['Category:Otago', 'Q8706458']",6612109,+31241,"['Dunedin', 'Q133073']",130336289,"['UTC+12:00', 'Q7105']",,+229200,"['Canterbury Region', 'Q657004']",85687201,"['Otago Regional Council', 'Q7108351']",14998,8d1a15c7-7e15-4b3b-afa1-be292a31680a,Data:New Zealand/Otago.map,"Mount Aspiring, Otago, New Zealand, 22 July 2005.jpg",6839,1640138,3409
"['Auckland Region', 'Q726917']",region of New Zealand's North Island,Auckland in New Zealand.svg,"['New Zealand', 'Q664']",Auckland Region,NZ-AUK,"['New Zealand', 'Q664']","['region of New Zealand', 'Q216712']",Auckland banner Skyline with bridge and Sky Tower.jpg,-36.9,/m/032150,NZE7,"['Category:Auckland Region', 'Q8275445']",2193734,+4894,"['Auckland', 'Q37100']",149272110,"['UTC+12:00', 'Q7105']","['Category:People from the Auckland Region', 'Q8754812']",+1571718,"['Northland Region', 'Q59596']",,"['Auckland Council', 'Q758635']",54693,d1cdc409-242f-41b2-8cf7-b8391ede511f,Data:New Zealand/Auckland.map,Auckland.arp.750pix.jpg,8345,2094141,12270
"['Wellington Region', 'Q856010']",region at the southern end of New Zealand's North Island,Wellington in New Zealand.svg,"['New Zealand', 'Q664']",Wellington Region,NZ-WGN,"['New Zealand', 'Q664']","['region of New Zealand', 'Q216712']",Wellington banner.jpg,-41.283333333333,/m/015q4y,NZG2,"['Category:Wellington Region', 'Q7470202']",2179538,+8140,"['Wellington', 'Q23661']",157450793,"['UTC+12:00', 'Q7105']","['Category:People from the Wellington Region', 'Q8755311']",+504900,"['Manawatū-Whanganui Region', 'Q139907']",85687233,"['Greater Wellington Regional Council', 'Q59125327']",15033,5aa4734b-6d95-47ef-aabd-1be461923d89,Data:New Zealand/Wellington.map,"Pencarrow Head, Wellington, New Zealand from Santa Regina, 24 Feb. 2007.jpg",6867,1638991,12273
"['Southland Region', 'Q864971']",region in southern New Zealand,Southland in New Zealand.svg,"['New Zealand', 'Q664']",Southland Region,NZ-STL,"['New Zealand', 'Q664']","['region of New Zealand', 'Q216712']",WV banner Southland Fossilised forest at Curio Bay.jpg,-45.7,/m/01z9x7,NZF8,"['Category:Southland, New Zealand', 'Q8782453']",2182501,+34347,"['Invercargill', 'Q31805']",145421183,"['UTC+12:00', 'Q7105']","['Category:People from Southland, New Zealand', 'Q8755282']",+102600,"['Otago Region', 'Q692912']",85687211,"['Southland Regional Council', 'Q1352429']",15012,5253bb53-d94a-4342-a10b-e89d7a238b05,Data:New Zealand/Southland.map,Winter Landscape in Western Southland.jpg,8293,1640159,12275
"['Nelson Region', 'Q1995856']",region of New Zealand,Nelson in New Zealand.svg,"['New Zealand', 'Q664']",Nelson Region,NZ-NSN,"['New Zealand', 'Q664']","['region of New Zealand', 'Q216712']",,-41.27089,/m/0gs0g,,"['Category:Nelson Region', 'Q7240278']",6612108,+422.19,"['Nelson', 'Q206687']",,"['UTC+12:00', 'Q7105']",,+54600,"['Marlborough District', 'Q140083']",85687157,,59138,,Data:New Zealand/Nelson City.map,"Nelson, New Zealand (Unsplash 7qg7DpbrYfI).jpg",,4266962,
"['Bay of Plenty Region', 'Q2192924']",region in New Zealand's North Island,Bay of Plenty in New Zealand.svg,"['New Zealand', 'Q664']",Bay of Plenty Region,NZ-BOP,"['New Zealand', 'Q664']","['region of New Zealand', 'Q216712']",WV banner Bay of Plenty Putuaki landscape.jpg,-38.2,/m/07s7cbv,NZE8,"['Category:Bay of Plenty Region', 'Q8293908']",2182560,+12231,"['Whakatāne', 'Q974074']",,"['UTC+12:00', 'Q7105']","['Category:People from the Bay of Plenty Region', 'Q8754816']",+308499,"['Gisborne District', 'Q140246']",85687175,"['Bay of Plenty Regional Council', 'Q84627544']",14957,01558e87-29f0-4a2e-b625-b2ec2b936e86,Data:New Zealand/Bay of Plenty.map,Whakatane Heads 15 3 2006.JPG,8335,1790755,12272
