label,description,locator map image,country,Commons category,ISO 3166-2 code,coordinate location,located in the administrative territorial entity,topic's main category,page banner,MusicBrainz area ID,instance of,Freebase ID,FIPS 10-4 (countries and regions),GeoNames ID,image,VIAF ID,capital,OpenStreetMap relation ID,located in time zone,area,authority,population,archINFORM location ID,category of associated people,shares border with,New Zealand Gazetteer place ID,WorldCat Identities ID,geoshape,iNaturalist place ID,Library of Congress authority ID,Who's on First ID
"['Auckland Region', 'Q726917']",region of New Zealand's North Island,Auckland in New Zealand.svg,"['New Zealand', 'Q664']",Auckland Region,NZ-AUK,-36.9,"['New Zealand', 'Q664']","['Category:Auckland Region', 'Q8275445']",Auckland banner Skyline with bridge and Sky Tower.jpg,d1cdc409-242f-41b2-8cf7-b8391ede511f,"['region of New Zealand', 'Q216712']",/m/032150,NZE7,2193734,Auckland.arp.750pix.jpg,149272110,"['Auckland', 'Q37100']",2094141,"['UTC+12:00', 'Q7105']",+4894,"['Auckland Council', 'Q758635']",+1571718,12270,"['Category:People from the Auckland Region', 'Q8754812']","['Northland Region', 'Q59596']",54693,lccn-no2003120068,Data:New Zealand/Auckland.map,8345,no2003120068,
"['Wellington Region', 'Q856010']",region at the southern end of New Zealand's North Island,Wellington in New Zealand.svg,"['New Zealand', 'Q664']",Wellington Region,NZ-WGN,-41.283333333333,"['New Zealand', 'Q664']","['Category:Wellington Region', 'Q7470202']",Wellington banner.jpg,5aa4734b-6d95-47ef-aabd-1be461923d89,"['region of New Zealand', 'Q216712']",/m/015q4y,NZG2,2179538,"Pencarrow Head, Wellington, New Zealand from Santa Regina, 24 Feb. 2007.jpg",157450793,"['Wellington', 'Q23661']",1638991,"['UTC+12:00', 'Q7105']",+8140,"['Greater Wellington Regional Council', 'Q59125327']",+504900,12273,"['Category:People from the Wellington Region', 'Q8755311']","['Manawatū-Whanganui Region', 'Q139907']",15033,lccn-no2003082335,Data:New Zealand/Wellington.map,6867,no2003082335,85687233
"['Manawatū-Whanganui Region', 'Q139907']",region in New Zealand's North Island,Manawatu-Wanganui in New Zealand.svg,"['New Zealand', 'Q664']",Manawatū-Whanganui Region,NZ-MWT,-39.6,"['New Zealand', 'Q664']","['Category:Manawatū-Whanganui', 'Q8604667']",,2cf54896-777c-4bba-9fd6-8f3bdca550d3,"['region of New Zealand', 'Q216712']",/m/02b8k9,NZF3,2179671,"Kai Iwi Beach, New Zealand (1).JPG",153951474,"['Palmerston North', 'Q212289']",1638992,"['UTC+12:00', 'Q7105']",+22215,"['Manawatū-Whanganui Regional Council', 'Q84623068']",+243700,12281,"['Category:People from Manawatū-Whanganui', 'Q8754997']","['Wellington Region', 'Q856010']",58038,lccn-no2003082336,Data:New Zealand/Manawatu-Wanganui.map,11510,no2003082336,85687251
"['Ōpōtiki District', 'Q2027043']","territorial authority district in the Bay of Plenty Region, New Zealand",Opotiki DC.PNG,"['New Zealand', 'Q664']",Ōpōtiki District,,-38.017,"['Bay of Plenty Region', 'Q2192924']",,,,"['district of New Zealand', 'Q2881272']",,,2185506,Opotiki Church.jpg,,,,,+3089.21,"['Ōpōtiki District Council', 'Q73592323']",+9276,,,"['Gisborne District', 'Q140246']",14997,,,40462,,
"['Bay of Plenty Region', 'Q2192924']",region in New Zealand's North Island,Bay of Plenty in New Zealand.svg,"['New Zealand', 'Q664']",Bay of Plenty Region,NZ-BOP,-38.2,"['New Zealand', 'Q664']","['Category:Bay of Plenty Region', 'Q8293908']",WV banner Bay of Plenty Putuaki landscape.jpg,01558e87-29f0-4a2e-b625-b2ec2b936e86,"['region of New Zealand', 'Q216712']",/m/07s7cbv,NZE8,2182560,Whakatane Heads 15 3 2006.JPG,,"['Whakatāne', 'Q974074']",1790755,"['UTC+12:00', 'Q7105']",+12231,"['Bay of Plenty Regional Council', 'Q84627544']",+308499,12272,"['Category:People from the Bay of Plenty Region', 'Q8754816']","['Gisborne District', 'Q140246']",14957,,Data:New Zealand/Bay of Plenty.map,8335,,85687175
"['Tasman District', 'Q666142']",region in the northwest of New Zealand's South Island,Tasman in New Zealand.svg,"['New Zealand', 'Q664']",Tasman Region,NZ-TAS,-41.5,"['New Zealand', 'Q664']","['Category:Tasman District', 'Q8831648']",,1eb5e691-a1d1-45f9-bcce-ddc6eb7a590a,"['region of New Zealand', 'Q216712']",/m/02rt84,,2181818,Maruia Falls.JPG,129202778,"['Richmond', 'Q1208462']",4266979,"['UTC+12:00', 'Q7105']",+9771,"['Tasman District Council', 'Q7687392']",+52389,12276,"['Category:People from the Tasman District', 'Q8755293']","['Marlborough District', 'Q140083']",15017,lccn-n2003007957,Data:New Zealand/Tasman District.map,40494,,85687219
"['Otago Region', 'Q692912']",region in the southeast of New Zealand's South Island,Otago in New Zealand.svg,"['New Zealand', 'Q664']",Otago Region,NZ-OTA,-45.28,"['New Zealand', 'Q664']","['Category:Otago', 'Q8706458']",Otago banner Moeraki Boulders.JPG,8d1a15c7-7e15-4b3b-afa1-be292a31680a,"['region of New Zealand', 'Q216712']",/m/0phcx,NZF7,6612109,"Mount Aspiring, Otago, New Zealand, 22 July 2005.jpg",130336289,"['Dunedin', 'Q133073']",1640138,"['UTC+12:00', 'Q7105']",+31241,"['Otago Regional Council', 'Q7108351']",+229200,3409,,"['Canterbury Region', 'Q657004']",14998,lccn-n93113558,Data:New Zealand/Otago.map,6839,n93113558,85687201
"['Marlborough District', 'Q140083']",region and district in the north of New Zealand's South Island,Marlborough in New Zealand.svg,"['New Zealand', 'Q664']",Marlborough District,NZ-MBH,-41.883333333333,"['New Zealand', 'Q664']","['Category:Marlborough Region', 'Q6462800']","Long Island, Marlborough Sounds.jpg",,"['region of New Zealand', 'Q216712']",/m/0161gs,NZF4,2187304,Marlborough Sounds From Ferry.jpg,144399858,"['Blenheim', 'Q883831']",4266977,"['UTC+12:00', 'Q7105']",+12484.59,"['Marlborough District Council', 'Q65600563']",+47340,12277,"['Category:People from the Marlborough Region', 'Q8755000']","['Wellington Region', 'Q856010']",,lccn-n93110497,Data:New Zealand/Marlborough District.map,11511,n93110497,85687185
"['Canterbury Region', 'Q657004']",region of New Zealand's South Island,Canterbury in New Zealand.svg,"['New Zealand', 'Q664']",Canterbury Region,NZ-CAN,-43.6,"['New Zealand', 'Q664']","['Category:Canterbury, New Zealand', 'Q7459909']","Canterbury, South Island banner 3.jpg",da0c2c08-70b5-4dba-bebc-11fb30d4cd69,"['region of New Zealand', 'Q216712']",/m/0gs0w,NZE9,2192628,Christchurch Skyline.jpg,126676389,"['Christchurch', 'Q79990']",1640137,"['UTC+12:00', 'Q7105']",+44504.3,"['Canterbury Regional Council', 'Q5033686']",+624200,12274,"['Category:People from Canterbury, New Zealand', 'Q10182980']","['Otago Region', 'Q692912']",14959,lccn-n81036040,Data:New Zealand/Canterbury.map,8479,n81036040,85687179
"['Northland Region', 'Q59596']",region at the northern end of New Zealand's North Island,Northland in New Zealand.svg,"['New Zealand', 'Q664']",Northland Region,NZ-NTL,-35.58,"['New Zealand', 'Q664']","['Category:Northland Region', 'Q8684580']",North banner.jpg,86a42e3a-3922-4ec1-8295-6df681980009,"['region of New Zealand', 'Q216712']",/m/01z7k4,NZF6,2185978,"Parua Bay, Northland, New Zealand, 4th. Dec. 2010 - Flickr - PhillipC.jpg",153737106,"['Whangārei', 'Q744239']",2133870,"['UTC+12:00', 'Q7105']",+13789,"['Northland Regional Council', 'Q71639058']",+179100,,"['Category:People from the Northland Region', 'Q11708355']","['Auckland Region', 'Q726917']",14996,,Data:New Zealand/Northland.map,7911,n90678492,85687149
"['Gisborne District', 'Q140246']",region on the east coast of New Zealand's North Island,Gisborne in New Zealand.svg,"['New Zealand', 'Q664']",Gisborne District,NZ-GIS,-38.66667,"['New Zealand', 'Q664']","['Category:Gisborne District', 'Q8968356']",WV banner East Coast Lake Waikaremoana.jpg,7a29390f-ba84-45eb-ade4-c4d2ac1ee5e1,"['region of New Zealand', 'Q216712']",/m/076tr7f,NZF1,2190767,"Māhia, Gisborne.jpg",124684929,"['Gisborne', 'Q233467']",2643819,"['UTC+12:00', 'Q7105']",+8385.33,"['Gisborne District Council', 'Q65600613']",+47517,12280,"['Category:People from the Gisborne District', 'Q8754938']","['Ōpōtiki District', 'Q2027043']",14969,lccn-no2004011972,Data:New Zealand/Gisborne District.map,11508,no2004011972,85687237
