{
  "INFO": {
    "start_table": [
      "Q2593744",
      "fictional creature"
    ],
    "num_tables": 3
  },
  "TABLES": {
    "fictional creature": {
      "TOPIC_ID": "Q2593744",
      "FILEPATH": "fictional-creature.csv",
      "NUM_COLUMNS": 4,
      "NUM_ROWS": 66,
      "FOREIGN_KEYS": [
        {
          "FOREIGN_KEY": [
            "P1441",
            "present in work"
          ],
          "REFERENCE_TABLE": "present in work"
        }
      ]
    },
    "present in work": {
      "TOPIC_ID": "P1441",
      "FILEPATH": "present-in-work.csv",
      "NUM_COLUMNS": 4,
      "NUM_ROWS": 45,
      "FOREIGN_KEYS": [
        {
          "FOREIGN_KEY": [
            "P136",
            "genre"
          ],
          "REFERENCE_TABLE": "genre"
        }
      ]
    },
    "genre": {
      "TOPIC_ID": "P136",
      "FILEPATH": "genre.csv",
      "NUM_COLUMNS": 5,
      "NUM_ROWS": 27,
      "FOREIGN_KEYS": []
    }
  }
}