{
  "INFO": {
    "start_table": [
      "Q216712",
      "region of New Zealand"
    ],
    "num_tables": 8
  },
  "TABLES": {
    "region of New Zealand": {
      "TOPIC_ID": "Q216712",
      "FILEPATH": "region-of-new-zealand.csv",
      "NUM_ROWS": 16,
      "NUM_COLUMNS": 30,
      "COLUMNS": [
        "label",
        "description",
        "locator map image",
        "country",
        "Commons category",
        "ISO 3166-2 code",
        "located in the administrative territorial entity",
        "instance of",
        "page banner",
        "coordinate location",
        "Freebase ID",
        "FIPS 10-4 (countries and regions)",
        "topic's main category",
        "GeoNames ID",
        "area",
        "capital",
        "VIAF ID",
        "located in time zone",
        "category of associated people",
        "population",
        "shares border with",
        "Who's on First ID",
        "authority",
        "New Zealand Gazetteer place ID",
        "MusicBrainz area ID",
        "geoshape",
        "image",
        "iNaturalist place ID",
        "OpenStreetMap relation ID",
        "archINFORM location ID"
      ],
      "COLUMN_DATATYPES": [
        "string",
        "string",
        "string",
        "wikibase-entityid",
        "string",
        "string",
        "wikibase-entityid",
        "wikibase-entityid",
        "string",
        "globecoordinate",
        "string",
        "string",
        "wikibase-entityid",
        "string",
        "quantity",
        "wikibase-entityid",
        "string",
        "wikibase-entityid",
        "wikibase-entityid",
        "quantity",
        "wikibase-entityid",
        "string",
        "wikibase-entityid",
        "string",
        "string",
        "string",
        "string",
        "string",
        "string",
        "string"
      ],
      "FOREIGN_KEYS": [
        {
          "FOREIGN_KEY": [
            "P1792",
            "category of associated people"
          ],
          "REFERENCE_TABLE": "category of associated people"
        },
        {
          "FOREIGN_KEY": [
            "P36",
            "capital"
          ],
          "REFERENCE_TABLE": "capital"
        },
        {
          "FOREIGN_KEY": [
            "P47",
            "shares border with"
          ],
          "REFERENCE_TABLE": "shares border with"
        }
      ]
    },
    "category of associated people": {
      "TOPIC_ID": "P1792",
      "FILEPATH": "category-of-associated-people.csv",
      "NUM_ROWS": 27,
      "NUM_COLUMNS": 6,
      "COLUMNS": [
        "label",
        "description",
        "instance of",
        "Commons category",
        "category contains",
        "category combines topics"
      ],
      "COLUMN_DATATYPES": [
        "string",
        "string",
        "wikibase-entityid",
        "string",
        "wikibase-entityid",
        "wikibase-entityid"
      ],
      "FOREIGN_KEYS": []
    },
    "capital": {
      "TOPIC_ID": "P36",
      "FILEPATH": "capital.csv",
      "NUM_ROWS": 16,
      "NUM_COLUMNS": 29,
      "COLUMNS": [
        "label",
        "description",
        "Commons category",
        "country",
        "coordinate location",
        "located in the administrative territorial entity",
        "Curlie ID",
        "Freebase ID",
        "instance of",
        "GeoNames ID",
        "VIAF ID",
        "capital of",
        "page banner",
        "topic's main category",
        "local dialing code",
        "Quora topic ID",
        "postal code",
        "category of associated people",
        "area",
        "MusicBrainz area ID",
        "population",
        "Gran Enciclop\u00e8dia Catalana ID",
        "Who's on First ID",
        "New Zealand Gazetteer place ID",
        "GND ID",
        "image",
        "located in time zone",
        "National Library of Israel J9U ID",
        "elevation above sea level"
      ],
      "COLUMN_DATATYPES": [
        "string",
        "string",
        "string",
        "wikibase-entityid",
        "globecoordinate",
        "wikibase-entityid",
        "string",
        "string",
        "wikibase-entityid",
        "string",
        "string",
        "wikibase-entityid",
        "string",
        "wikibase-entityid",
        "string",
        "string",
        "string",
        "wikibase-entityid",
        "quantity",
        "string",
        "quantity",
        "string",
        "string",
        "string",
        "string",
        "string",
        "wikibase-entityid",
        "string",
        "quantity"
      ],
      "FOREIGN_KEYS": [
        {
          "FOREIGN_KEY": [
            "P1792",
            "category of associated people"
          ],
          "REFERENCE_TABLE": "category of associated people"
        },
        {
          "FOREIGN_KEY": [
            "P1376",
            "capital of"
          ],
          "REFERENCE_TABLE": "capital of"
        },
        {
          "FOREIGN_KEY": [
            "P131",
            "located in the administrative territorial entity"
          ],
          "REFERENCE_TABLE": "located in the administrative territorial entity"
        }
      ]
    },
    "capital of": {
      "TOPIC_ID": "P1376",
      "FILEPATH": "capital-of.csv",
      "NUM_ROWS": 16,
      "NUM_COLUMNS": 30,
      "COLUMNS": [
        "label",
        "description",
        "locator map image",
        "country",
        "Commons category",
        "ISO 3166-2 code",
        "located in the administrative territorial entity",
        "instance of",
        "page banner",
        "coordinate location",
        "Freebase ID",
        "FIPS 10-4 (countries and regions)",
        "topic's main category",
        "GeoNames ID",
        "area",
        "capital",
        "VIAF ID",
        "located in time zone",
        "category of associated people",
        "population",
        "shares border with",
        "Who's on First ID",
        "authority",
        "New Zealand Gazetteer place ID",
        "MusicBrainz area ID",
        "geoshape",
        "image",
        "iNaturalist place ID",
        "OpenStreetMap relation ID",
        "archINFORM location ID"
      ],
      "COLUMN_DATATYPES": [
        "string",
        "string",
        "string",
        "wikibase-entityid",
        "string",
        "string",
        "wikibase-entityid",
        "wikibase-entityid",
        "string",
        "globecoordinate",
        "string",
        "string",
        "wikibase-entityid",
        "string",
        "quantity",
        "wikibase-entityid",
        "string",
        "wikibase-entityid",
        "wikibase-entityid",
        "quantity",
        "wikibase-entityid",
        "string",
        "wikibase-entityid",
        "string",
        "string",
        "string",
        "string",
        "string",
        "string",
        "string"
      ],
      "FOREIGN_KEYS": []
    },
    "located in the administrative territorial entity": {
      "TOPIC_ID": "P131",
      "FILEPATH": "located-in-the-administrative-territorial-entity.csv",
      "NUM_ROWS": 29,
      "NUM_COLUMNS": 14,
      "COLUMNS": [
        "label",
        "description",
        "country",
        "located in the administrative territorial entity",
        "coordinate location",
        "instance of",
        "GeoNames ID",
        "area",
        "population",
        "shares border with",
        "New Zealand Gazetteer place ID",
        "authority",
        "iNaturalist place ID",
        "Commons category"
      ],
      "COLUMN_DATATYPES": [
        "string",
        "string",
        "wikibase-entityid",
        "wikibase-entityid",
        "globecoordinate",
        "wikibase-entityid",
        "string",
        "quantity",
        "quantity",
        "wikibase-entityid",
        "string",
        "wikibase-entityid",
        "string",
        "string"
      ],
      "FOREIGN_KEYS": [
        {
          "FOREIGN_KEY": [
            "P131",
            "located in the administrative territorial entity"
          ],
          "REFERENCE_TABLE": "located in the administrative territorial entity"
        },
        {
          "FOREIGN_KEY": [
            "P797",
            "authority"
          ],
          "REFERENCE_TABLE": "authority"
        }
      ]
    },
    "authority": {
      "TOPIC_ID": "P797",
      "FILEPATH": "authority.csv",
      "NUM_ROWS": 23,
      "NUM_COLUMNS": 7,
      "COLUMNS": [
        "label",
        "description",
        "instance of",
        "country",
        "official website",
        "applies to jurisdiction",
        "coordinate location"
      ],
      "COLUMN_DATATYPES": [
        "string",
        "string",
        "wikibase-entityid",
        "wikibase-entityid",
        "string",
        "wikibase-entityid",
        "globecoordinate"
      ],
      "FOREIGN_KEYS": [
        {
          "FOREIGN_KEY": [
            "P1001",
            "applies to jurisdiction"
          ],
          "REFERENCE_TABLE": "applies to jurisdiction"
        }
      ]
    },
    "applies to jurisdiction": {
      "TOPIC_ID": "P1001",
      "FILEPATH": "applies-to-jurisdiction.csv",
      "NUM_ROWS": 16,
      "NUM_COLUMNS": 14,
      "COLUMNS": [
        "label",
        "description",
        "country",
        "located in the administrative territorial entity",
        "coordinate location",
        "instance of",
        "GeoNames ID",
        "area",
        "population",
        "shares border with",
        "New Zealand Gazetteer place ID",
        "authority",
        "iNaturalist place ID",
        "Commons category"
      ],
      "COLUMN_DATATYPES": [
        "string",
        "string",
        "wikibase-entityid",
        "wikibase-entityid",
        "globecoordinate",
        "wikibase-entityid",
        "string",
        "quantity",
        "quantity",
        "wikibase-entityid",
        "string",
        "wikibase-entityid",
        "string",
        "string"
      ],
      "FOREIGN_KEYS": []
    },
    "shares border with": {
      "TOPIC_ID": "P47",
      "FILEPATH": "shares-border-with.csv",
      "NUM_ROWS": 11,
      "NUM_COLUMNS": 32,
      "COLUMNS": [
        "label",
        "description",
        "locator map image",
        "country",
        "Commons category",
        "ISO 3166-2 code",
        "coordinate location",
        "located in the administrative territorial entity",
        "topic's main category",
        "page banner",
        "MusicBrainz area ID",
        "instance of",
        "Freebase ID",
        "FIPS 10-4 (countries and regions)",
        "GeoNames ID",
        "image",
        "VIAF ID",
        "capital",
        "OpenStreetMap relation ID",
        "located in time zone",
        "area",
        "authority",
        "population",
        "archINFORM location ID",
        "category of associated people",
        "shares border with",
        "New Zealand Gazetteer place ID",
        "WorldCat Identities ID",
        "geoshape",
        "iNaturalist place ID",
        "Library of Congress authority ID",
        "Who's on First ID"
      ],
      "COLUMN_DATATYPES": [
        "string",
        "string",
        "string",
        "wikibase-entityid",
        "string",
        "string",
        "globecoordinate",
        "wikibase-entityid",
        "wikibase-entityid",
        "string",
        "string",
        "wikibase-entityid",
        "string",
        "string",
        "string",
        "string",
        "string",
        "wikibase-entityid",
        "string",
        "wikibase-entityid",
        "quantity",
        "wikibase-entityid",
        "quantity",
        "string",
        "wikibase-entityid",
        "wikibase-entityid",
        "string",
        "string",
        "string",
        "string",
        "string",
        "string"
      ],
      "FOREIGN_KEYS": [
        {
          "FOREIGN_KEY": [
            "P797",
            "authority"
          ],
          "REFERENCE_TABLE": "authority"
        }
      ]
    }
  }
}