{
  "INFO": {
    "start_table": [
      "Q216712",
      "region of New Zealand"
    ],
    "num_tables": 8
  },
  "TABLES": {
    "region of New Zealand": {
      "TOPIC_ID": "Q216712",
      "FILEPATH": "region-of-new-zealand.csv",
      "NUM_COLUMNS": 30,
      "NUM_ROWS": 16,
      "FOREIGN_KEYS": [
        {
          "FOREIGN_KEY": [
            "P1792",
            "category of associated people"
          ],
          "REFERENCE_TABLE": "category of associated people"
        },
        {
          "FOREIGN_KEY": [
            "P36",
            "capital"
          ],
          "REFERENCE_TABLE": "capital"
        },
        {
          "FOREIGN_KEY": [
            "P47",
            "shares border with"
          ],
          "REFERENCE_TABLE": "shares border with"
        }
      ]
    },
    "category of associated people": {
      "TOPIC_ID": "P1792",
      "FILEPATH": "category-of-associated-people.csv",
      "NUM_COLUMNS": 6,
      "NUM_ROWS": 27,
      "FOREIGN_KEYS": []
    },
    "capital": {
      "TOPIC_ID": "P36",
      "FILEPATH": "capital.csv",
      "NUM_COLUMNS": 29,
      "NUM_ROWS": 16,
      "FOREIGN_KEYS": [
        {
          "FOREIGN_KEY": [
            "P1792",
            "category of associated people"
          ],
          "REFERENCE_TABLE": "category of associated people"
        },
        {
          "FOREIGN_KEY": [
            "P1376",
            "capital of"
          ],
          "REFERENCE_TABLE": "capital of"
        },
        {
          "FOREIGN_KEY": [
            "P131",
            "located in the administrative territorial entity"
          ],
          "REFERENCE_TABLE": "located in the administrative territorial entity"
        }
      ]
    },
    "capital of": {
      "TOPIC_ID": "P1376",
      "FILEPATH": "capital-of.csv",
      "NUM_COLUMNS": 30,
      "NUM_ROWS": 16,
      "FOREIGN_KEYS": []
    },
    "located in the administrative territorial entity": {
      "TOPIC_ID": "P131",
      "FILEPATH": "located-in-the-administrative-territorial-entity.csv",
      "NUM_COLUMNS": 14,
      "NUM_ROWS": 29,
      "FOREIGN_KEYS": [
        {
          "FOREIGN_KEY": [
            "P131",
            "located in the administrative territorial entity"
          ],
          "REFERENCE_TABLE": "located in the administrative territorial entity"
        },
        {
          "FOREIGN_KEY": [
            "P797",
            "authority"
          ],
          "REFERENCE_TABLE": "authority"
        }
      ]
    },
    "authority": {
      "TOPIC_ID": "P797",
      "FILEPATH": "authority.csv",
      "NUM_COLUMNS": 7,
      "NUM_ROWS": 23,
      "FOREIGN_KEYS": [
        {
          "FOREIGN_KEY": [
            "P1001",
            "applies to jurisdiction"
          ],
          "REFERENCE_TABLE": "applies to jurisdiction"
        }
      ]
    },
    "applies to jurisdiction": {
      "TOPIC_ID": "P1001",
      "FILEPATH": "applies-to-jurisdiction.csv",
      "NUM_COLUMNS": 14,
      "NUM_ROWS": 16,
      "FOREIGN_KEYS": []
    },
    "shares border with": {
      "TOPIC_ID": "P47",
      "FILEPATH": "shares-border-with.csv",
      "NUM_COLUMNS": 32,
      "NUM_ROWS": 11,
      "FOREIGN_KEYS": [
        {
          "FOREIGN_KEY": [
            "P797",
            "authority"
          ],
          "REFERENCE_TABLE": "authority"
        }
      ]
    }
  }
}