label,description,Freebase ID,sport,instance of,part of,topic's main category,country,point in time,location
curling at the 1992 Winter Olympics,curling events at the Olympics,/m/0bjqfd,curling,Olympic sports discipline event,1992 Winter Olympics,Category:Curling at the 1992 Winter Olympics,France,+1992-00-00T00:00:00Z,
Nordic skiing at the 1992 Winter Olympics,Nordic skiing practised during the 1992 Olympic Winter Games,/m/09ftqn,Nordic skiing,Olympic sports discipline event,1992 Winter Olympics,,France,+1992-00-00T00:00:00Z,
speed skating at the 1992 Winter Olympics,Speed skating at the Olympics,/m/07vjb0,long track speed skating,Olympic sports discipline event,1992 Winter Olympics,Category:Speed skating at the 1992 Winter Olympics,France,+1992-02-00T00:00:00Z,L'anneau de vitesse
alpine skiing at the 1992 Winter Olympics,1992 edition of the alpine skiing competitions during the Olympic Winter Games,/m/07v3jg,alpine skiing,Olympic sports discipline event,1992 Winter Olympics,Category:Alpine skiing at the 1992 Winter Olympics,France,+1992-00-00T00:00:00Z,Val-d'Isère
short track speed skating at the 1992 Winter Olympics,Speed skating at the Olympics,/m/07vjjy,short track speed skating,Olympic sports discipline event,1992 Winter Olympics,Category:Short track speed skating at the 1992 Winter Olympics,France,+1992-00-00T00:00:00Z,La halle de glace Olympique
freestyle skiing at the 1992 Winter Olympics,Freestyle skiing at the Olympics,/m/07vj7m,freestyle skiing,Olympic sports discipline event,1992 Winter Olympics,Category:Freestyle skiing at the 1992 Winter Olympics,France,+1992-00-00T00:00:00Z,Tignes
ice hockey at the 1992 Winter Olympics,1992 edition of the ice hockey tournament during the Olympic Winter Games,/m/05s387,ice hockey,Olympic sports discipline event,1992 Winter Olympics,Category:Ice hockey at the 1992 Winter Olympics,France,+1992-02-00T00:00:00Z,Albertville
figure skating at the 1992 Winter Olympics,1992 edition of the figure skating competitions during the Olympic Winter Games,/m/06xbfh,figure skating,figure skating competition,1992 Winter Olympics,Category:Figure skating at the 1992 Winter Olympics,France,+1992-02-09T00:00:00Z,La halle de glace Olympique
biathlon at the 1992 Winter Olympics,1992 edition of the biathlon competitions during the Olympic Winter Games,/m/07vhq5,biathlon,Olympic sports discipline event,1992 Winter Olympics,Category:Biathlon at the 1992 Winter Olympics,France,+1992-02-00T00:00:00Z,Les Saisies
bobsleigh at the 1992 Winter Olympics,bobsleigh events at the Olympics,/m/07vp2h,bobsleigh,Olympic sports discipline event,1992 Winter Olympics,Category:Bobsleigh at the 1992 Winter Olympics,France,+1992-00-00T00:00:00Z,"La Plagne bobsleigh, luge, and skeleton track"
luge at the 1992 Winter Olympics,Luge at the Olympics,/m/07vj3p,luge,Olympic sports discipline event,1992 Winter Olympics,Category:Luge at the 1992 Winter Olympics,France,+1992-00-00T00:00:00Z,"La Plagne bobsleigh, luge, and skeleton track"
Nordic combined at the 1992 Winter Olympics,1992 edition of the Nordic combined skiing competitions during the Olympic Winter Games,/m/07v73y,Nordic combined,Olympic sports discipline event,1992 Winter Olympics,Category:Nordic combined at the 1992 Winter Olympics,France,+1992-00-00T00:00:00Z,Courchevel
speed skiing at the 1992 Winter Olympics,,/m/0bp8v1,speed skiing,Olympic sports discipline event,1992 Winter Olympics,,France,+1992-00-00T00:00:00Z,
cross-country skiing at the 1992 Winter Olympics,1992 edition of the cross-country skiing competitions during the Olympic Winter Games,/m/07v797,cross-country skiing,Olympic sports discipline event,1992 Winter Olympics,Category:Cross-country skiing at the 1992 Winter Olympics,France,+1992-00-00T00:00:00Z,Les Saisies
ski jumping at the 1992 Winter Olympics,1992 edition of the ski jumping competitions during the Olympic Winter Games,/m/07v6y5,ski jumping,Olympic sports discipline event,1992 Winter Olympics,Category:Ski jumping at the 1992 Winter Olympics,France,+1992-00-00T00:00:00Z,Tremplin du Praz
Events at the 1992 Winter Olympics,Wikimedia list article,,,Wikimedia list article,1992 Winter Olympics,Category:1992 Winter Olympics events,Spain,+1992-00-00T00:00:00Z,
1992 Winter Olympics opening ceremony,"event in Albertville, France",,,opening ceremony,1992 Winter Olympics,,France,+1992-02-08T00:00:00Z,Théâtre des Cérémonies
1992 Winter Olympics closing ceremony,"event in Albertville, France",,,closing ceremony,1992 Winter Olympics,,France,+1992-02-23T00:00:00Z,Théâtre des Cérémonies
