label,description,subclass of,Commons category,topic's main category,Freebase ID,instance of,uses,icon,image,practiced by,Encyclopædia Britannica Online ID,IPTC NewsCode,Quora topic ID,KBpedia ID,Store norske leksikon ID,Fandom article ID,ABC News topic ID
curling,winter team sport played on ice,winter sport,Curling,Category:Curling,/m/01yfj,type of sport,curling stone,Curling pictogram.svg,12-01-20-yog-674.jpg,curler,sports/curling,mediatopic/20000890,Curling-sport,Curling-SportsEvent,curling,world-sports-results:Curling,curling
Nordic skiing,skiing variant,skiing,Nordic skiing,Category:Nordic skiing,/m/017knx,Olympic sport,,Nordic combined pictogram.svg,Fixation ski de fond.jpg,Nordic skier,sports/Nordic-skiing,mediatopic/20001060,,,,skipedia:Nordic_skiing,nordic-skiing
speed skating,competitive form of ice skating in which competitors race each other,ice skating,Speed skating,Category:Speed skating,/m/06zgc,type of sport,ice skate,Speed skating pictogram.svg,Eric Heiden 1980c.jpg,speed skater,sports/speed-skating,mediatopic/20001067,Speed-Skating,SpeedSkating,,world-sports-results:Speed_Skating,speed-skating
alpine skiing,sport of skiing downhill,skiing,Alpine skiing,Category:Alpine skiing,/m/09w1n,type of sport,alpine ski,Alpine skiing pictogram.svg,Airforce skiing at keystone colorado.jpg,alpine skier,sports/Alpine-skiing,mediatopic/20001057,Alpine-skiing,AlpineSkiingSportsEvent,alpint,skipedia:alpine_skiing,alpine-skiing
short track speed skating,"winter sport, in which skaters skate on an oval ice track with a length of 111.12 m",speed skating,Short track speed skating,Category:Short-track speed skating,/m/09_bl,sports discipline,ice skate,Short track speed skating pictogram.svg,Saguenay 500m.jpg,short track speed skater,sports/short-track-speed-skating,mediatopic/20001151,Short-Track-Speed-Skating,,kortbaneløp,world-sports-results:Short_Track_Speed_Skating,
freestyle skiing,winter sport,skiing,Freestyle skiing,Category:Freestyle skiing,/m/09_b4,type of sport,,Freestyle skiing pictogram.svg,Freestyle skiing jump2.jpg,freestyle skier,sports/freestyle-skiing,mediatopic/20001058,Freestyle-Skiing,FreestyleSkiingSportsEvent,freestyle,skipedia:freestyle_skiing,freestyle-skiing
ice hockey,"team sport played on ice using sticks, skates, and a puck",hockey,Ice hockey,Category:Ice hockey,/m/03tmr,type of sport,ice hockey goal,Ice hockey pictogram.svg,"NLA, Lausanne HC vs. Rapperswil-Jona Lakers, 11th November 2014 03.JPG",ice hockey player,sports/ice-hockey,mediatopic/20000965,Ice-Hockey,IceHockey,ishockey,icehockey:ice_hockey,ice-hockey
figure skating,sport and art performed with figure skates on ice,ice skating,Figure skating,Category:Figure skating,/m/02_5h,type of sport,ice skate,Figure skating pictogram.svg,Isabelle Delobel & Olivier Schoenfelder EX Lift - 2007 Europeans.jpg,figure skater,sports/figure-skating,mediatopic/20000934,Figure-Skating,FigureSkating,kunstløp,world-sports-results:Figure_Skating,figure-skating
biathlon,winter sport that combines cross-country skiing and rifle sports shooting,multisport race,Biathlon,Category:Biathlon,/m/01dys,Olympic sport,rifle,Biathlon pictogram.svg,Biathlon-Weltcup 2006 Antholz 1.jpg,biathlete,sports/biathlon,mediatopic/20000852,,BiathlonSportsEvent,skiskyting,skipedia:biathlon,biathlon
bobsleigh,Olympic team winter sport,winter sport,Bobsleigh,Category:Bobsleigh,/m/09wz9,type of sport,bob,Bobsleigh pictogram.svg,US Navy 020219-N-3995K-304 Gold Medal Women BobSledders 1.jpg,bobsledder,sports/bobsledding,mediatopic/20000854,Bobsleigh,BobsledSportsEvent,bobsleigh,world-sports-results:Bobsleigh,bobsleigh
luge,sliding sport where where an individual or a team of 2 propels a luge down a natural or artificial track,winter sport,Luge,Category:Luge,/m/09f6b,type of sport,luge sled,Luge pictogram.svg,Départ d'un lugeur.jpg,luger,,,,Luge,akesport,world-sports-results:Luge,luge
Nordic combined,winter sport combining the events of cross-country skiing and ski jumping,multisport sport,Nordic combined,Category:Nordic combined,/m/09_94,type of sport,ski jumping hill,Nordic combined pictogram.svg,Tobias Kammerlander combined.png,Nordic combined skier,sports/Nordic-combined,mediatopic/20001150,Nordic-Combined,NordicCombinedSportsEvent,kombinert_renn,skipedia:Nordic_combined_skiing,
speed skiing,type of sport,skiing,,Category:Speed skiing,/m/01vnj3,type of sport,,,Speed skiing pictogram.svg,speed skier,sports/speed-skiing,,Speed-Skiing,,speedskiing,,
cross-country skiing,competitive winter sport,Nordic skiing,Cross-country skiing,,,type of sport,cross-country ski poles,Cross country skiing pictogram.svg,Langrenn i Trysil.jpg,cross-country skier,sports/cross-country-skiing,mediatopic/20001149,Cross-Country-Skiing,CrossCountrySkiing,langrenn,skipedia:cross-country_skiing,cross-country
ski jumping,skiing sport with jumping down a hill,Nordic skiing,Ski jumping,Category:Ski jumping,/m/09_9n,type of sport,ski jumping ski,Ski jumping pictogram.svg,Martin Koch World Cup Ski flying Vikersund 2011.jpg,ski jumper,sports/ski-jumping,mediatopic/20001061,Ski-Jumping,SkiJump,,skipedia:ski_jumping,ski-jumping
