label,description,image,instance of,Commons category,country,Freebase ID,located in the administrative territorial entity,coordinate location
L'anneau de vitesse,,Stade de Patinage Olympique (2007).jpg,stadium,L'anneau de vitesse,France,/m/0czbz0d,Albertville,45.6641
Val-d'Isère,"commune in Savoie, France",RGA 231.JPG,commune of France,Val-d'Isère,France,/m/01z38z,Savoie,45.449722222222
La halle de glace Olympique,,1992 Winter Olympics Albertville halle olympique 02.JPG,multi-purpose hall,Halle olympique,France,/m/0cz8ffn,Albertville,45.663614
Tignes,"commune in Savoie, France",Station-village Tignes-Le Lac en été (juillet 2022).JPG,commune of France,Tignes,France,/m/05g8rz,Savoie,45.469722222222
Albertville,"commune in Savoie, France",Albertville depuis le belvédère de Conflans (été 2018).JPG,commune of France,Albertville,France,/m/0gz4f,arrondissement of Albertville,45.675833333333
Les Saisies,"ski resort in Savoie, France",Les Saisies - img 44695.jpg,ski resort,Les Saisies,France,/m/0czdqhn,Hauteluce,45.75722222
"La Plagne bobsleigh, luge, and skeleton track",,Piste de bobsleigh de La Plagne.JPG,artificial luge track,La Plagne bobsleigh and luge track,France,/m/03x_q1p,La Plagne Tarentaise,45.52166667
Courchevel,"ski resort in Savoie, France",Télécabine Chenus et Front de neige de Courchevel (décembre 2019).JPG,ski resort,Courchevel,France,/m/046kj3,Saint-Bon-Tarentaise,45.415
Tremplin du Praz,"Ski jumping hill at Le Praz, France",Hill Pratz Courchevel 1.JPG,ski jumping hill,Tremplin du Praz,France,/m/0hrfg2s,Courchevel,45.43138889
Théâtre des Cérémonies,"former stadium at Albertville, France",1992 Winter Olympics Albertville pylon 02.JPG,arena,Théâtre des Cérémonies,France,/m/0bqpzh,Albertville,45.661592
