label,description,topic's main category,instance of,Commons category,subclass of,field of this occupation,female form of label
curler,sportsperson that plays curling,Category:Curlers,profession,Curlers,winter sports practitioner,curling,giocatrice di curling
Nordic skier,"occupation; person who participates in Nordic skiing, which includes competitive cross-country skiing, ski jumping, and Nordic combined",,occupation,,skier,Nordic skiing,skieuse nordique
speed skater,sportsperson taking part in speed skating competitions,Category:Speed skaters,occupation,Speedskaters,ice skater,speed skating,patineuse de vitesse
alpine skier,sportsperson taking part in alpine skiing competitions,Category:Alpine skiers,profession,Alpine skiers,skier,alpine skiing,sjezdová lyžařka
short track speed skater,athlete,Category:Short track speed skaters,profession,,speed skater,short track speed skating,patineuse de vitesse sur piste courte
freestyle skier,sportsperson taking part in freestyle skiing competitions,Category:Freestyle skiers,profession,Freestyle skiers,skier,freestyle skiing,skieuse acrobatique
ice hockey player,sportsperson taking part in ice hockey competitions,Category:Ice hockey players,profession,Ice hockey players,ice skater,ice hockey,hokejistka
figure skater,sportsperson who takes part in figure skating tournaments,Category:Figure skaters,profession,Figure skaters,ice skater,figure skating,krasobruslařka
biathlete,sportsperson taking part in winter biathlon competitions,Category:Biathletes,profession,Biathletes,cross-country skier,biathlon,biatlonistka
bobsledder,sportsperson practising bobsleighing,Category:Bobsledders,profession,Bobsledders,winter sports practitioner,bobsleigh,bobistka
luger,sportsperson taking part in luging competitions,Category:Lugers,profession,Lugers,winter sports practitioner,luge,sáňkařka
Nordic combined skier,sportsperson taking part in Nordic combined competitions,Category:Nordic combined skiers,occupation,Nordic combined skiers,Nordic skier,Nordic combined,sdruženářka
speed skier,sportsperson taking part in speed skiing competitions,Category:Speed skiers,profession,Speed skiers,skier,speed skiing,skieuse de vitesse
cross-country skier,sportsperson taking part in cross-country skiing competitions,Category:Cross-country skiers,occupation,Cross-country skiers,Nordic skier,cross-country skiing,esquiadora de fondo
ski jumper,sportsperson taking part in ski jumping competitions,Category:Ski jumpers,occupation,Ski jumpers,Nordic skier,ski jumping,saltadora de esquí
