label,description,subclass of,Commons category
curling stone,sports equipment,sports equipment,Curling stones
ice skate,boots with blades attached to the bottom for propelling the bearer across a sheet of ice,footwear,Ice skating shoes
alpine ski,ski used during alpine skiing,ski,Alpine skis
ice hockey goal,structure used in ice hockey,,Ice hockey goals
rifle,"firearm designed to be fired from the shoulder, and with a rifled barrel",long gun,Rifles
bob,sled used in bobsleigh competitions,sled,
luge sled,type of one- or two-person sled used in luging,sled,
ski jumping hill,venue used for ski jumping,piste,Ski jumping hills
cross-country ski poles,skiing pole intended for cross-country skier,ski pole,Cross-country ski poles
ski jumping ski,ski used for ski jumping,ski,Ski jumping skis
