{
  "INFO": {
    "start_table": [
      "Q9660",
      "1992 Winter Olympics"
    ],
    "num_tables": 6
  },
  "TABLES": {
    "1992 Winter Olympics": {
      "TOPIC_ID": "Q9660",
      "FILEPATH": "1992-winter-olympics.csv",
      "NUM_COLUMNS": 10,
      "NUM_ROWS": 18,
      "FOREIGN_KEYS": [
        {
          "FOREIGN_KEY": [
            "P276",
            "location"
          ],
          "REFERENCE_TABLE": "location"
        },
        {
          "FOREIGN_KEY": [
            "P641",
            "sport"
          ],
          "REFERENCE_TABLE": "sport"
        }
      ]
    },
    "location": {
      "TOPIC_ID": "P276",
      "FILEPATH": "location.csv",
      "NUM_COLUMNS": 9,
      "NUM_ROWS": 10,
      "FOREIGN_KEYS": []
    },
    "sport": {
      "TOPIC_ID": "P641",
      "FILEPATH": "sport.csv",
      "NUM_COLUMNS": 14,
      "NUM_ROWS": 15,
      "FOREIGN_KEYS": [
        {
          "FOREIGN_KEY": [
            "P3095",
            "practiced by"
          ],
          "REFERENCE_TABLE": "practiced by"
        }
      ]
    },
    "practiced by": {
      "TOPIC_ID": "P3095",
      "FILEPATH": "practiced-by.csv",
      "NUM_COLUMNS": 8,
      "NUM_ROWS": 15,
      "FOREIGN_KEYS": [
        {
          "FOREIGN_KEY": [
            "P425",
            "field of this occupation"
          ],
          "REFERENCE_TABLE": "field of this occupation"
        }
      ]
    },
    "field of this occupation": {
      "TOPIC_ID": "P425",
      "FILEPATH": "field-of-this-occupation.csv",
      "NUM_COLUMNS": 18,
      "NUM_ROWS": 15,
      "FOREIGN_KEYS": [
        {
          "FOREIGN_KEY": [
            "P2283",
            "uses"
          ],
          "REFERENCE_TABLE": "uses"
        }
      ]
    },
    "uses": {
      "TOPIC_ID": "P2283",
      "FILEPATH": "uses.csv",
      "NUM_COLUMNS": 4,
      "NUM_ROWS": 10,
      "FOREIGN_KEYS": []
    }
  }
}