{
  "INFO": {
    "start_table": [
      "Q9660",
      "1992 Winter Olympics"
    ],
    "num_tables": 6
  },
  "TABLES": {
    "1992 Winter Olympics": {
      "TOPIC_ID": "Q9660",
      "FILEPATH": "1992-winter-olympics.csv",
      "NUM_ROWS": 18,
      "NUM_COLUMNS": 10,
      "COLUMNS": [
        "label",
        "description",
        "Freebase ID",
        "sport",
        "instance of",
        "part of",
        "topic's main category",
        "country",
        "point in time",
        "location"
      ],
      "COLUMN_DATATYPES": [
        "string",
        "string",
        "string",
        "wikibase-entityid",
        "wikibase-entityid",
        "wikibase-entityid",
        "wikibase-entityid",
        "wikibase-entityid",
        "time",
        "wikibase-entityid"
      ],
      "FOREIGN_KEYS": [
        {
          "FOREIGN_KEY": [
            "P276",
            "location"
          ],
          "REFERENCE_TABLE": "location"
        },
        {
          "FOREIGN_KEY": [
            "P641",
            "sport"
          ],
          "REFERENCE_TABLE": "sport"
        }
      ]
    },
    "location": {
      "TOPIC_ID": "P276",
      "FILEPATH": "location.csv",
      "NUM_ROWS": 10,
      "NUM_COLUMNS": 9,
      "COLUMNS": [
        "label",
        "description",
        "image",
        "instance of",
        "Commons category",
        "country",
        "Freebase ID",
        "located in the administrative territorial entity",
        "coordinate location"
      ],
      "COLUMN_DATATYPES": [
        "string",
        "string",
        "string",
        "wikibase-entityid",
        "string",
        "wikibase-entityid",
        "string",
        "wikibase-entityid",
        "globecoordinate"
      ],
      "FOREIGN_KEYS": []
    },
    "sport": {
      "TOPIC_ID": "P641",
      "FILEPATH": "sport.csv",
      "NUM_ROWS": 15,
      "NUM_COLUMNS": 14,
      "COLUMNS": [
        "label",
        "description",
        "subclass of",
        "Commons category",
        "topic's main category",
        "Freebase ID",
        "instance of",
        "icon",
        "image",
        "practiced by",
        "Encyclop\u00e6dia Britannica Online ID",
        "IPTC NewsCode",
        "Store norske leksikon ID",
        "Fandom article ID"
      ],
      "COLUMN_DATATYPES": [
        "string",
        "string",
        "wikibase-entityid",
        "string",
        "wikibase-entityid",
        "string",
        "wikibase-entityid",
        "string",
        "string",
        "wikibase-entityid",
        "string",
        "string",
        "string",
        "string"
      ],
      "FOREIGN_KEYS": [
        {
          "FOREIGN_KEY": [
            "P3095",
            "practiced by"
          ],
          "REFERENCE_TABLE": "practiced by"
        }
      ]
    },
    "practiced by": {
      "TOPIC_ID": "P3095",
      "FILEPATH": "practiced-by.csv",
      "NUM_ROWS": 15,
      "NUM_COLUMNS": 8,
      "COLUMNS": [
        "label",
        "description",
        "topic's main category",
        "instance of",
        "Commons category",
        "subclass of",
        "field of this occupation",
        "female form of label"
      ],
      "COLUMN_DATATYPES": [
        "string",
        "string",
        "wikibase-entityid",
        "wikibase-entityid",
        "string",
        "wikibase-entityid",
        "wikibase-entityid",
        "monolingualtext"
      ],
      "FOREIGN_KEYS": [
        {
          "FOREIGN_KEY": [
            "P425",
            "field of this occupation"
          ],
          "REFERENCE_TABLE": "field of this occupation"
        }
      ]
    },
    "field of this occupation": {
      "TOPIC_ID": "P425",
      "FILEPATH": "field-of-this-occupation.csv",
      "NUM_ROWS": 15,
      "NUM_COLUMNS": 18,
      "COLUMNS": [
        "label",
        "description",
        "subclass of",
        "Commons category",
        "topic's main category",
        "Freebase ID",
        "instance of",
        "uses",
        "icon",
        "image",
        "practiced by",
        "Encyclop\u00e6dia Britannica Online ID",
        "IPTC NewsCode",
        "Quora topic ID",
        "KBpedia ID",
        "Store norske leksikon ID",
        "Fandom article ID",
        "ABC News topic ID"
      ],
      "COLUMN_DATATYPES": [
        "string",
        "string",
        "wikibase-entityid",
        "string",
        "wikibase-entityid",
        "string",
        "wikibase-entityid",
        "wikibase-entityid",
        "string",
        "string",
        "wikibase-entityid",
        "string",
        "string",
        "string",
        "string",
        "string",
        "string",
        "string"
      ],
      "FOREIGN_KEYS": [
        {
          "FOREIGN_KEY": [
            "P2283",
            "uses"
          ],
          "REFERENCE_TABLE": "uses"
        }
      ]
    },
    "uses": {
      "TOPIC_ID": "P2283",
      "FILEPATH": "uses.csv",
      "NUM_ROWS": 10,
      "NUM_COLUMNS": 4,
      "COLUMNS": [
        "label",
        "description",
        "subclass of",
        "Commons category"
      ],
      "COLUMN_DATATYPES": [
        "string",
        "string",
        "wikibase-entityid",
        "string"
      ],
      "FOREIGN_KEYS": []
    }
  }
}