label,description,Freebase ID,sport,instance of,part of,topic's main category,country,point in time,location
"['curling at the 1992 Winter Olympics', 'Q257208']",curling events at the Olympics,/m/0bjqfd,"['curling', 'Q136851']","['Olympic sports discipline event', 'Q26132862']","['1992 Winter Olympics', 'Q9660']","['Category:Curling at the 1992 Winter Olympics', 'Q9580362']","['France', 'Q142']",+1992-00-00T00:00:00Z,
"['Nordic skiing at the 1992 Winter Olympics', 'Q368211']",Nordic skiing practised during the 1992 Olympic Winter Games,/m/09ftqn,"['Nordic skiing', 'Q216613']","['Olympic sports discipline event', 'Q26132862']","['1992 Winter Olympics', 'Q9660']",,"['France', 'Q142']",+1992-00-00T00:00:00Z,
"['speed skating at the 1992 Winter Olympics', 'Q368684']",Speed skating at the Olympics,/m/07vjb0,"['long track speed skating', 'Q17165362']","['Olympic sports discipline event', 'Q26132862']","['1992 Winter Olympics', 'Q9660']","['Category:Speed skating at the 1992 Winter Olympics', 'Q10081270']","['France', 'Q142']",+1992-02-00T00:00:00Z,"[""L'anneau de vitesse"", 'Q2343868']"
"['alpine skiing at the 1992 Winter Olympics', 'Q516620']",1992 edition of the alpine skiing competitions during the Olympic Winter Games,/m/07v3jg,"['alpine skiing', 'Q186222']","['Olympic sports discipline event', 'Q26132862']","['1992 Winter Olympics', 'Q9660']","['Category:Alpine skiing at the 1992 Winter Olympics', 'Q9435231']","['France', 'Q142']",+1992-00-00T00:00:00Z,"[""Val-d'Isère"", 'Q207589']"
"['short track speed skating at the 1992 Winter Olympics', 'Q611883']",Speed skating at the Olympics,/m/07vjjy,"['short track speed skating', 'Q193654']","['Olympic sports discipline event', 'Q26132862']","['1992 Winter Olympics', 'Q9660']","['Category:Short track speed skating at the 1992 Winter Olympics', 'Q15703935']","['France', 'Q142']",+1992-00-00T00:00:00Z,"['La halle de glace Olympique', 'Q3126105']"
"['freestyle skiing at the 1992 Winter Olympics', 'Q690455']",Freestyle skiing at the Olympics,/m/07vj7m,"['freestyle skiing', 'Q189472']","['Olympic sports discipline event', 'Q26132862']","['1992 Winter Olympics', 'Q9660']","['Category:Freestyle skiing at the 1992 Winter Olympics', 'Q9671180']","['France', 'Q142']",+1992-00-00T00:00:00Z,"['Tignes', 'Q330899']"
"['ice hockey at the 1992 Winter Olympics', 'Q741531']",1992 edition of the ice hockey tournament during the Olympic Winter Games,/m/05s387,"['ice hockey', 'Q41466']","['Olympic sports discipline event', 'Q26132862']","['1992 Winter Olympics', 'Q9660']","['Category:Ice hockey at the 1992 Winter Olympics', 'Q13472143']","['France', 'Q142']",+1992-02-00T00:00:00Z,"['Albertville', 'Q159469']"
"['figure skating at the 1992 Winter Olympics', 'Q783268']",1992 edition of the figure skating competitions during the Olympic Winter Games,/m/06xbfh,"['figure skating', 'Q38108']","['figure skating competition', 'Q2990963']","['1992 Winter Olympics', 'Q9660']","['Category:Figure skating at the 1992 Winter Olympics', 'Q9680455']","['France', 'Q142']",+1992-02-09T00:00:00Z,"['La halle de glace Olympique', 'Q3126105']"
"['biathlon at the 1992 Winter Olympics', 'Q794575']",1992 edition of the biathlon competitions during the Olympic Winter Games,/m/07vhq5,"['biathlon', 'Q166788']","['Olympic sports discipline event', 'Q26132862']","['1992 Winter Olympics', 'Q9660']","['Category:Biathlon at the 1992 Winter Olympics', 'Q8299038']","['France', 'Q142']",+1992-02-00T00:00:00Z,"['Les Saisies', 'Q3830853']"
"['bobsleigh at the 1992 Winter Olympics', 'Q832711']",bobsleigh events at the Olympics,/m/07vp2h,"['bobsleigh', 'Q177275']","['Olympic sports discipline event', 'Q26132862']","['1992 Winter Olympics', 'Q9660']","['Category:Bobsleigh at the 1992 Winter Olympics', 'Q9510664']","['France', 'Q142']",+1992-00-00T00:00:00Z,"['La Plagne bobsleigh, luge, and skeleton track', 'Q3389261']"
"['luge at the 1992 Winter Olympics', 'Q842721']",Luge at the Olympics,/m/07vj3p,"['luge', 'Q273285']","['Olympic sports discipline event', 'Q26132862']","['1992 Winter Olympics', 'Q9660']","['Category:Luge at the 1992 Winter Olympics', 'Q15702096']","['France', 'Q142']",+1992-00-00T00:00:00Z,"['La Plagne bobsleigh, luge, and skeleton track', 'Q3389261']"
"['Nordic combined at the 1992 Winter Olympics', 'Q928562']",1992 edition of the Nordic combined skiing competitions during the Olympic Winter Games,/m/07v73y,"['Nordic combined', 'Q201965']","['Olympic sports discipline event', 'Q26132862']","['1992 Winter Olympics', 'Q9660']","['Category:Nordic combined at the 1992 Winter Olympics', 'Q11236625']","['France', 'Q142']",+1992-00-00T00:00:00Z,"['Courchevel', 'Q290817']"
"['speed skiing at the 1992 Winter Olympics', 'Q1029763']",,/m/0bp8v1,"['speed skiing', 'Q1358925']","['Olympic sports discipline event', 'Q26132862']","['1992 Winter Olympics', 'Q9660']",,"['France', 'Q142']",+1992-00-00T00:00:00Z,
"['cross-country skiing at the 1992 Winter Olympics', 'Q1042417']",1992 edition of the cross-country skiing competitions during the Olympic Winter Games,/m/07v797,"['cross-country skiing', 'Q179687']","['Olympic sports discipline event', 'Q26132862']","['1992 Winter Olympics', 'Q9660']","['Category:Cross-country skiing at the 1992 Winter Olympics', 'Q8430355']","['France', 'Q142']",+1992-00-00T00:00:00Z,"['Les Saisies', 'Q3830853']"
"['ski jumping at the 1992 Winter Olympics', 'Q1067110']",1992 edition of the ski jumping competitions during the Olympic Winter Games,/m/07v6y5,"['ski jumping', 'Q7718']","['Olympic sports discipline event', 'Q26132862']","['1992 Winter Olympics', 'Q9660']","['Category:Ski jumping at the 1992 Winter Olympics', 'Q8749848']","['France', 'Q142']",+1992-00-00T00:00:00Z,"['Tremplin du Praz', 'Q1739981']"
"['Events at the 1992 Winter Olympics', 'Q5416764']",Wikimedia list article,,,"['Wikimedia list article', 'Q13406463']","['1992 Winter Olympics', 'Q9660']","['Category:1992 Winter Olympics events', 'Q6218445']","['Spain', 'Q29']",+1992-00-00T00:00:00Z,
"['1992 Winter Olympics opening ceremony', 'Q63196795']","event in Albertville, France",,,"['opening ceremony', 'Q3010369']","['1992 Winter Olympics', 'Q9660']",,"['France', 'Q142']",+1992-02-08T00:00:00Z,"['Théâtre des Cérémonies', 'Q2698412']"
"['1992 Winter Olympics closing ceremony', 'Q63196825']","event in Albertville, France",,,"['closing ceremony', 'Q13454063']","['1992 Winter Olympics', 'Q9660']",,"['France', 'Q142']",+1992-02-23T00:00:00Z,"['Théâtre des Cérémonies', 'Q2698412']"
