label,description,subclass of,Commons category,topic's main category,Freebase ID,instance of,uses,icon,image,practiced by,Encyclopædia Britannica Online ID,IPTC NewsCode,Quora topic ID,KBpedia ID,Store norske leksikon ID,Fandom article ID,ABC News topic ID
"['curling', 'Q136851']",winter team sport played on ice,"['winter sport', 'Q204686']",Curling,"['Category:Curling', 'Q7309855']",/m/01yfj,"['type of sport', 'Q31629']","['curling stone', 'Q16610604']",Curling pictogram.svg,12-01-20-yog-674.jpg,"['curler', 'Q17516936']",sports/curling,mediatopic/20000890,Curling-sport,Curling-SportsEvent,curling,world-sports-results:Curling,curling
"['Nordic skiing', 'Q216613']",skiing variant,"['skiing', 'Q130949']",Nordic skiing,"['Category:Nordic skiing', 'Q8797180']",/m/017knx,"['Olympic sport', 'Q212434']",,Nordic combined pictogram.svg,Fixation ski de fond.jpg,"['Nordic skier', 'Q113510260']",sports/Nordic-skiing,mediatopic/20001060,,,,skipedia:Nordic_skiing,nordic-skiing
"['speed skating', 'Q192431']",competitive form of ice skating in which competitors race each other,"['ice skating', 'Q779272']",Speed skating,"['Category:Speed skating', 'Q8790973']",/m/06zgc,"['type of sport', 'Q31629']","['ice skate', 'Q108640']",Speed skating pictogram.svg,Eric Heiden 1980c.jpg,"['speed skater', 'Q10866633']",sports/speed-skating,mediatopic/20001067,Speed-Skating,SpeedSkating,,world-sports-results:Speed_Skating,speed-skating
"['alpine skiing', 'Q186222']",sport of skiing downhill,"['skiing', 'Q130949']",Alpine skiing,"['Category:Alpine skiing', 'Q8236225']",/m/09w1n,"['type of sport', 'Q31629']","['alpine ski', 'Q2393176']",Alpine skiing pictogram.svg,Airforce skiing at keystone colorado.jpg,"['alpine skier', 'Q4144610']",sports/Alpine-skiing,mediatopic/20001057,Alpine-skiing,AlpineSkiingSportsEvent,alpint,skipedia:alpine_skiing,alpine-skiing
"['short track speed skating', 'Q193654']","winter sport, in which skaters skate on an oval ice track with a length of 111.12 m","['speed skating', 'Q192431']",Short track speed skating,"['Category:Short-track speed skating', 'Q8742474']",/m/09_bl,"['sports discipline', 'Q2312410']","['ice skate', 'Q108640']",Short track speed skating pictogram.svg,Saguenay 500m.jpg,"['short track speed skater', 'Q18200514']",sports/short-track-speed-skating,mediatopic/20001151,Short-Track-Speed-Skating,,kortbaneløp,world-sports-results:Short_Track_Speed_Skating,
"['freestyle skiing', 'Q189472']",winter sport,"['skiing', 'Q130949']",Freestyle skiing,"['Category:Freestyle skiing', 'Q8472454']",/m/09_b4,"['type of sport', 'Q31629']",,Freestyle skiing pictogram.svg,Freestyle skiing jump2.jpg,"['freestyle skier', 'Q18617021']",sports/freestyle-skiing,mediatopic/20001058,Freestyle-Skiing,FreestyleSkiingSportsEvent,freestyle,skipedia:freestyle_skiing,freestyle-skiing
"['ice hockey', 'Q41466']","team sport played on ice using sticks, skates, and a puck","['hockey', 'Q1622659']",Ice hockey,"['Category:Ice hockey', 'Q8530640']",/m/03tmr,"['type of sport', 'Q31629']","['ice hockey goal', 'Q12019952']",Ice hockey pictogram.svg,"NLA, Lausanne HC vs. Rapperswil-Jona Lakers, 11th November 2014 03.JPG","['ice hockey player', 'Q11774891']",sports/ice-hockey,mediatopic/20000965,Ice-Hockey,IceHockey,ishockey,icehockey:ice_hockey,ice-hockey
"['figure skating', 'Q38108']",sport and art performed with figure skates on ice,"['ice skating', 'Q779272']",Figure skating,"['Category:Figure skating', 'Q8449131']",/m/02_5h,"['type of sport', 'Q31629']","['ice skate', 'Q108640']",Figure skating pictogram.svg,Isabelle Delobel & Olivier Schoenfelder EX Lift - 2007 Europeans.jpg,"['figure skater', 'Q13219587']",sports/figure-skating,mediatopic/20000934,Figure-Skating,FigureSkating,kunstløp,world-sports-results:Figure_Skating,figure-skating
"['biathlon', 'Q166788']",winter sport that combines cross-country skiing and rifle sports shooting,"['multisport race', 'Q31645']",Biathlon,"['Category:Biathlon', 'Q8299075']",/m/01dys,"['Olympic sport', 'Q212434']","['rifle', 'Q124072']",Biathlon pictogram.svg,Biathlon-Weltcup 2006 Antholz 1.jpg,"['biathlete', 'Q16029547']",sports/biathlon,mediatopic/20000852,,BiathlonSportsEvent,skiskyting,skipedia:biathlon,biathlon
"['bobsleigh', 'Q177275']",Olympic team winter sport,"['winter sport', 'Q204686']",Bobsleigh,"['Category:Bobsleigh', 'Q8303888']",/m/09wz9,"['type of sport', 'Q31629']","['bob', 'Q50078150']",Bobsleigh pictogram.svg,US Navy 020219-N-3995K-304 Gold Medal Women BobSledders 1.jpg,"['bobsledder', 'Q13383011']",sports/bobsledding,mediatopic/20000854,Bobsleigh,BobsledSportsEvent,bobsleigh,world-sports-results:Bobsleigh,bobsleigh
"['luge', 'Q273285']",sliding sport where where an individual or a team of 2 propels a luge down a natural or artificial track,"['winter sport', 'Q204686']",Luge,"['Category:Luge', 'Q7486090']",/m/09f6b,"['type of sport', 'Q31629']","['luge sled', 'Q49069244']",Luge pictogram.svg,Départ d'un lugeur.jpg,"['luger', 'Q13382981']",,,,Luge,akesport,world-sports-results:Luge,luge
"['Nordic combined', 'Q201965']",winter sport combining the events of cross-country skiing and ski jumping,"['multisport sport', 'Q43767805']",Nordic combined,"['Category:Nordic combined', 'Q8681779']",/m/09_94,"['type of sport', 'Q31629']","['ski jumping hill', 'Q1109069']",Nordic combined pictogram.svg,Tobias Kammerlander combined.png,"['Nordic combined skier', 'Q13382605']",sports/Nordic-combined,mediatopic/20001150,Nordic-Combined,NordicCombinedSportsEvent,kombinert_renn,skipedia:Nordic_combined_skiing,
"['speed skiing', 'Q1358925']",type of sport,"['skiing', 'Q130949']",,"['Category:Speed skiing', 'Q8791046']",/m/01vnj3,"['type of sport', 'Q31629']",,,Speed skiing pictogram.svg,"['speed skier', 'Q51208995']",sports/speed-skiing,,Speed-Skiing,,speedskiing,,
"['cross-country skiing', 'Q179687']",competitive winter sport,"['Nordic skiing', 'Q216613']",Cross-country skiing,,,"['type of sport', 'Q31629']","['cross-country ski poles', 'Q48982319']",Cross country skiing pictogram.svg,Langrenn i Trysil.jpg,"['cross-country skier', 'Q13382608']",sports/cross-country-skiing,mediatopic/20001149,Cross-Country-Skiing,CrossCountrySkiing,langrenn,skipedia:cross-country_skiing,cross-country
"['ski jumping', 'Q7718']",skiing sport with jumping down a hill,"['Nordic skiing', 'Q216613']",Ski jumping,"['Category:Ski jumping', 'Q7351620']",/m/09_9n,"['type of sport', 'Q31629']","['ski jumping ski', 'Q48993038']",Ski jumping pictogram.svg,Martin Koch World Cup Ski flying Vikersund 2011.jpg,"['ski jumper', 'Q13382603']",sports/ski-jumping,mediatopic/20001061,Ski-Jumping,SkiJump,,skipedia:ski_jumping,ski-jumping
