label,description,image,instance of,Commons category,country,Freebase ID,located in the administrative territorial entity,coordinate location
"[""L'anneau de vitesse"", 'Q2343868']",,Stade de Patinage Olympique (2007).jpg,"['stadium', 'Q483110']",L'anneau de vitesse,"['France', 'Q142']",/m/0czbz0d,"['Albertville', 'Q159469']",45.6641
"[""Val-d'Isère"", 'Q207589']","commune in Savoie, France",RGA 231.JPG,"['commune of France', 'Q484170']",Val-d'Isère,"['France', 'Q142']",/m/01z38z,"['Savoie', 'Q12745']",45.449722222222
"['La halle de glace Olympique', 'Q3126105']",,1992 Winter Olympics Albertville halle olympique 02.JPG,"['multi-purpose hall', 'Q1763828']",Halle olympique,"['France', 'Q142']",/m/0cz8ffn,"['Albertville', 'Q159469']",45.663614
"['Tignes', 'Q330899']","commune in Savoie, France",Station-village Tignes-Le Lac en été (juillet 2022).JPG,"['commune of France', 'Q484170']",Tignes,"['France', 'Q142']",/m/05g8rz,"['Savoie', 'Q12745']",45.469722222222
"['Albertville', 'Q159469']","commune in Savoie, France",Albertville depuis le belvédère de Conflans (été 2018).JPG,"['commune of France', 'Q484170']",Albertville,"['France', 'Q142']",/m/0gz4f,"['arrondissement of Albertville', 'Q700375']",45.675833333333
"['Les Saisies', 'Q3830853']","ski resort in Savoie, France",Les Saisies - img 44695.jpg,"['ski resort', 'Q130003']",Les Saisies,"['France', 'Q142']",/m/0czdqhn,"['Hauteluce', 'Q1093011']",45.75722222
"['La Plagne bobsleigh, luge, and skeleton track', 'Q3389261']",,Piste de bobsleigh de La Plagne.JPG,"['artificial luge track', 'Q50080181']",La Plagne bobsleigh and luge track,"['France', 'Q142']",/m/03x_q1p,"['La Plagne Tarentaise', 'Q21979673']",45.52166667
"['Courchevel', 'Q290817']","ski resort in Savoie, France",Télécabine Chenus et Front de neige de Courchevel (décembre 2019).JPG,"['ski resort', 'Q130003']",Courchevel,"['France', 'Q142']",/m/046kj3,"['Saint-Bon-Tarentaise', 'Q735334']",45.415
"['Tremplin du Praz', 'Q1739981']","Ski jumping hill at Le Praz, France",Hill Pratz Courchevel 1.JPG,"['ski jumping hill', 'Q1109069']",Tremplin du Praz,"['France', 'Q142']",/m/0hrfg2s,"['Courchevel', 'Q26270929']",45.43138889
"['Théâtre des Cérémonies', 'Q2698412']","former stadium at Albertville, France",1992 Winter Olympics Albertville pylon 02.JPG,"['arena', 'Q641226']",Théâtre des Cérémonies,"['France', 'Q142']",/m/0bqpzh,"['Albertville', 'Q159469']",45.661592
