label,description,topic's main category,instance of,Commons category,subclass of,field of this occupation,female form of label
"['curler', 'Q17516936']",sportsperson that plays curling,"['Category:Curlers', 'Q8923067']","['profession', 'Q28640']",Curlers,"['winter sports practitioner', 'Q20965770']","['curling', 'Q136851']",giocatrice di curling
"['Nordic skier', 'Q113510260']","occupation; person who participates in Nordic skiing, which includes competitive cross-country skiing, ski jumping, and Nordic combined",,"['occupation', 'Q12737077']",,"['skier', 'Q4270517']","['Nordic skiing', 'Q216613']",skieuse nordique
"['speed skater', 'Q10866633']",sportsperson taking part in speed skating competitions,"['Category:Speed skaters', 'Q8790959']","['occupation', 'Q12737077']",Speedskaters,"['ice skater', 'Q9394993']","['speed skating', 'Q192431']",patineuse de vitesse
"['alpine skier', 'Q4144610']",sportsperson taking part in alpine skiing competitions,"['Category:Alpine skiers', 'Q5325282']","['profession', 'Q28640']",Alpine skiers,"['skier', 'Q4270517']","['alpine skiing', 'Q186222']",sjezdová lyžařka
"['short track speed skater', 'Q18200514']",athlete,"['Category:Short track speed skaters', 'Q8742457']","['profession', 'Q28640']",,"['speed skater', 'Q10866633']","['short track speed skating', 'Q193654']",patineuse de vitesse sur piste courte
"['freestyle skier', 'Q18617021']",sportsperson taking part in freestyle skiing competitions,"['Category:Freestyle skiers', 'Q8472447']","['profession', 'Q28640']",Freestyle skiers,"['skier', 'Q4270517']","['freestyle skiing', 'Q189472']",skieuse acrobatique
"['ice hockey player', 'Q11774891']",sportsperson taking part in ice hockey competitions,"['Category:Ice hockey players', 'Q7217593']","['profession', 'Q28640']",Ice hockey players,"['ice skater', 'Q9394993']","['ice hockey', 'Q41466']",hokejistka
"['figure skater', 'Q13219587']",sportsperson who takes part in figure skating tournaments,"['Category:Figure skaters', 'Q5824106']","['profession', 'Q28640']",Figure skaters,"['ice skater', 'Q9394993']","['figure skating', 'Q38108']",krasobruslařka
"['biathlete', 'Q16029547']",sportsperson taking part in winter biathlon competitions,"['Category:Biathletes', 'Q5647144']","['profession', 'Q28640']",Biathletes,"['cross-country skier', 'Q13382608']","['biathlon', 'Q166788']",biatlonistka
"['bobsledder', 'Q13383011']",sportsperson practising bobsleighing,"['Category:Bobsledders', 'Q8303877']","['profession', 'Q28640']",Bobsledders,"['winter sports practitioner', 'Q20965770']","['bobsleigh', 'Q177275']",bobistka
"['luger', 'Q13382981']",sportsperson taking part in luging competitions,"['Category:Lugers', 'Q8805491']","['profession', 'Q28640']",Lugers,"['winter sports practitioner', 'Q20965770']","['luge', 'Q273285']",sáňkařka
"['Nordic combined skier', 'Q13382605']",sportsperson taking part in Nordic combined competitions,"['Category:Nordic combined skiers', 'Q8213534']","['occupation', 'Q12737077']",Nordic combined skiers,"['Nordic skier', 'Q113510260']","['Nordic combined', 'Q201965']",sdruženářka
"['speed skier', 'Q51208995']",sportsperson taking part in speed skiing competitions,"['Category:Speed skiers', 'Q8967440']","['profession', 'Q28640']",Speed skiers,"['skier', 'Q4270517']","['speed skiing', 'Q1358925']",skieuse de vitesse
"['cross-country skier', 'Q13382608']",sportsperson taking part in cross-country skiing competitions,"['Category:Cross-country skiers', 'Q8954877']","['occupation', 'Q12737077']",Cross-country skiers,"['Nordic skier', 'Q113510260']","['cross-country skiing', 'Q179687']",esquiadora de fondo
"['ski jumper', 'Q13382603']",sportsperson taking part in ski jumping competitions,"['Category:Ski jumpers', 'Q8749826']","['occupation', 'Q12737077']",Ski jumpers,"['Nordic skier', 'Q113510260']","['ski jumping', 'Q7718']",saltadora de esquí
