label,description,subclass of,Commons category
"['curling stone', 'Q16610604']",sports equipment,"['sports equipment', 'Q768186']",Curling stones
"['ice skate', 'Q108640']",boots with blades attached to the bottom for propelling the bearer across a sheet of ice,"['footwear', 'Q161928']",Ice skating shoes
"['alpine ski', 'Q2393176']",ski used during alpine skiing,"['ski', 'Q172226']",Alpine skis
"['ice hockey goal', 'Q12019952']",structure used in ice hockey,,Ice hockey goals
"['rifle', 'Q124072']","firearm designed to be fired from the shoulder, and with a rifled barrel","['long gun', 'Q1046481']",Rifles
"['bob', 'Q50078150']",sled used in bobsleigh competitions,"['sled', 'Q181388']",
"['luge sled', 'Q49069244']",type of one- or two-person sled used in luging,"['sled', 'Q181388']",
"['ski jumping hill', 'Q1109069']",venue used for ski jumping,"['piste', 'Q1281105']",Ski jumping hills
"['cross-country ski poles', 'Q48982319']",skiing pole intended for cross-country skier,"['ski pole', 'Q2292640']",Cross-country ski poles
"['ski jumping ski', 'Q48993038']",ski used for ski jumping,"['ski', 'Q172226']",Ski jumping skis
