label,description,subclass of,UniProt protein ID,found in taxon,encoded by,has part(s),instance of,RefSeq protein ID,part of
"['Acetyltransferase YpeA ECIAI39_2579', 'Q22161095']",microbial protein found in Escherichia coli IAI39,"['protein', 'Q8054']",A0A0H3MJ04,"['Escherichia coli IAI39', 'Q21102933']","['acetyltransferase YpeA ECIAI39_2579', 'Q22225383']","['GNAT domain', 'Q24772477']","['protein', 'Q8054']",YP_002408529,"['Acetyltransferase, YpeA', 'Q24769661']"
"['Acetyltransferase YpeA SF2487', 'Q23420068']",microbial protein found in Shigella flexneri 2a str. 301,"['protein', 'Q8054']",P63422,"['Shigella flexneri 2a str. 301', 'Q21102941']","['acetyltransferase YpeA SF2487', 'Q23092876']","['GNAT domain', 'Q24772477']","['protein', 'Q8054']",NP_708285,"['Acetyltransferase, YpeA', 'Q24769661']"
"['Acetyltransferase YE1169', 'Q23423876']",microbial protein found in Yersinia enterocolitica subsp. enterocolitica 8081,"['protein', 'Q8054']",A1JL38,"['Yersinia enterocolitica subsp. enterocolitica 8081', 'Q21102942']","['acetyltransferase YE1169', 'Q23097424']","['GNAT domain', 'Q24772477']","['protein', 'Q8054']",YP_001005495,"['Acetyltransferase, YpeA', 'Q24769661']"
"['Putative acetyltransferase STM2449', 'Q23559949']",microbial protein found in Salmonella enterica subsp. enterica serovar Typhimurium str. LT2,"['protein', 'Q8054']",P63423,"['Salmonella enterica subsp. enterica serovar Typhimurium str. LT2', 'Q21102996']","['acetyltransferase YpeA    STM2449.S', 'Q23251570']","['GNAT domain', 'Q24772477']","['protein', 'Q8054']",NP_461384,"['Acetyltransferase, GNAT, predicted', 'Q24721719']"
"['Acetyltransferase YpeA STY2686', 'Q23566222']",microbial protein found in Salmonella enterica subsp. enterica serovar Typhi str. CT18,"['protein', 'Q8054']",P63424,"['Salmonella enterica subsp. enterica serovar Typhi str. CT18', 'Q21102997']","['acetyltransferase YpeA STY2686', 'Q23259294']","['GNAT domain', 'Q24772477']","['protein', 'Q8054']",NP_456984,"['Acetyltransferase, GNAT, predicted', 'Q24721719']"
"['Putative acetyltransferase EAE_00440', 'Q24127255']",microbial protein found in Klebsiella aerogenes KCTC 2190,"['protein', 'Q8054']",A0A0H3FIC9,"['Enterobacter aerogenes KCTC 2190', 'Q21102927']","['putative acetyltransferase EAE_00440', 'Q23075089']","['GNAT domain', 'Q24772477']","['protein', 'Q8054']",YP_004590305,"['Acetyltransferase, GNAT, predicted', 'Q24721719']"
"['Putative acetyltransferase ECL_03757', 'Q24135800']",microbial protein found in Enterobacter cloacae subsp. cloacae ATCC 13047,"['protein', 'Q8054']",A0A0H3CPZ9,"['Enterobacter cloacae subsp. cloacae ATCC 13047', 'Q21102928']","['putative acetyltransferase ECL_03757', 'Q23083978']","['GNAT domain', 'Q24772477']","['protein', 'Q8054']",YP_003614240,"['Acetyltransferase, GNAT, predicted', 'Q24721719']"
"['Acetyltransferase YpeA ECs3305', 'Q24144833']",microbial protein found in Escherichia coli O157:H7 str. Sakai,"['protein', 'Q8054']",P63421,"['Escherichia coli O157:H7 str. Sakai', 'Q21102930']","['acetyltransferase YpeA ECs3305', 'Q23136914']","['GNAT domain', 'Q24772477']","['protein', 'Q8054']",NP_311332,"['Acetyltransferase, YpeA', 'Q24769661']"
"['Putative acyltransferase ECUMN_2755', 'Q24148095']",microbial protein found in Escherichia coli UMN026,"['protein', 'Q8054']",B7N624,"['Escherichia coli UMN026', 'Q21102931']","['putative acyltransferase ECUMN_2755', 'Q23144398']","['GNAT domain', 'Q24772477']","['protein', 'Q8054']",YP_002413460,"['Acetyltransferase, YpeA', 'Q24769661']"
"['Acetyltransferase YpeA NRG857_12190', 'Q24151943']",microbial protein found in Escherichia coli O83:H1 str. NRG 857C,"['protein', 'Q8054']",A0A0H3EJW0,"['Escherichia coli O83:H1 str. NRG 857C', 'Q21102934']","['acetyltransferase YpeA NRG857_12190', 'Q23100019']","['GNAT domain', 'Q24772477']","['protein', 'Q8054']",YP_006120788,"['Acetyltransferase, YpeA', 'Q24769661']"
"['Putative acetyltransferase KPHS_38470', 'Q24272443']",microbial protein found in Klebsiella pneumoniae subsp. pneumoniae HS11286,"['protein', 'Q8054']",A0A0H3GRF4,"['Klebsiella pneumoniae subsp. pneumoniae HS11286', 'Q21102939']","['putative acetyltransferase KPHS_38470', 'Q23134636']","['GNAT domain', 'Q24772477']","['protein', 'Q8054']",YP_005228147,"['Acetyltransferase, GNAT, predicted', 'Q24721719']"
"['Acetyltransferase O3K_07235', 'Q24280253']",microbial protein found in Escherichia coli O104:H4 str. 2011C-3493,"['protein', 'Q8054']",A0A0E0XXH5,"['Escherichia coli O104:H4 str. 2011C-3493', 'Q21102937']","['acetyltransferase O3K_07235', 'Q23113988']","['GNAT domain', 'Q24772477']","['protein', 'Q8054']",YP_006778155,"['Acetyltransferase, YpeA', 'Q24769661']"
"['Acetyltransferase YpeA SDY_2632', 'Q27475323']",microbial protein found in Shigella dysenteriae Sd197,"['protein', 'Q8054']",Q32DB9,"['Shigella dysenteriae Sd197', 'Q21102940']","['acetyltransferase YpeA SDY_2632', 'Q23139978']","['GNAT domain', 'Q24772477']","['protein', 'Q8054']",YP_404177,"['Acetyltransferase, YpeA', 'Q24769661']"
"['Acetyltransferase YPO3031', 'Q28770722']",microbial protein found in Yersinia pestis CO92,"['protein', 'Q8054']",Q8ZCG0,"['Yersinia pestis CO92', 'Q21102943']","['acetyltransferase YPO3031', 'Q22568718']","['GNAT domain', 'Q24772477']","['protein', 'Q8054']",YP_002347951,"['Acetyltransferase, YpeA', 'Q24769661']"
