label,description,NCBI locus tag,subclass of,found in taxon,Entrez Gene ID,encodes,instance of,genomic end,strand orientation,genomic start
"['acetyltransferase YpeA ECIAI39_2579', 'Q22225383']",microbial gene found in Escherichia coli IAI39,ECIAI39_2579,"['gene', 'Q7187']","['Escherichia coli IAI39', 'Q21102933']",7153873,"['Acetyltransferase YpeA ECIAI39_2579', 'Q22161095']","['gene', 'Q7187']",2675799,"['reverse strand', 'Q22809711']",2675374
"['acetyltransferase YpeA SF2487', 'Q23092876']",microbial gene found in Shigella flexneri 2a str. 301,SF2487,"['gene', 'Q7187']","['Shigella flexneri 2a str. 301', 'Q21102941']",1025585,"['Acetyltransferase YpeA SF2487', 'Q23420068']","['gene', 'Q7187']",2548072,"['reverse strand', 'Q22809711']",2547647
"['acetyltransferase YE1169', 'Q23097424']",microbial gene found in Yersinia enterocolitica subsp. enterocolitica 8081,YE1169,"['gene', 'Q7187']","['Yersinia enterocolitica subsp. enterocolitica 8081', 'Q21102942']",4715700,"['Acetyltransferase YE1169', 'Q23423876']","['gene', 'Q7187']",1308733,"['forward strand', 'Q22809680']",1308308
"['acetyltransferase YpeA    STM2449.S', 'Q23251570']",microbial gene found in Salmonella enterica subsp. enterica serovar Typhimurium str. LT2,STM2449.S,"['gene', 'Q7187']","['Salmonella enterica subsp. enterica serovar Typhimurium str. LT2', 'Q21102996']",1253971,"['Putative acetyltransferase STM2449', 'Q23559949']",,2560119,"['reverse strand', 'Q22809711']",2559694
"['acetyltransferase YpeA STY2686', 'Q23259294']",microbial gene found in Salmonella enterica subsp. enterica serovar Typhi str. CT18,STY2686,"['gene', 'Q7187']","['Salmonella enterica subsp. enterica serovar Typhi str. CT18', 'Q21102997']",1249003,"['Acetyltransferase YpeA STY2686', 'Q23566222']","['gene', 'Q7187']",2520334,"['reverse strand', 'Q22809711']",2519909
"['putative acetyltransferase EAE_00440', 'Q23075089']",microbial gene found in Klebsiella aerogenes KCTC 2190,EAE_00440,"['gene', 'Q7187']","['Enterobacter aerogenes KCTC 2190', 'Q21102927']",10790250,"['Putative acetyltransferase EAE_00440', 'Q24127255']","['gene', 'Q7187']",86293,"['reverse strand', 'Q22809711']",85868
"['putative acetyltransferase ECL_03757', 'Q23083978']",microbial gene found in Enterobacter cloacae subsp. cloacae ATCC 13047,ECL_03757,"['gene', 'Q7187']","['Enterobacter cloacae subsp. cloacae ATCC 13047', 'Q21102928']",9126234,"['Putative acetyltransferase ECL_03757', 'Q24135800']","['gene', 'Q7187']",3834286,"['reverse strand', 'Q22809711']",3833861
"['acetyltransferase YpeA ECs3305', 'Q23136914']",microbial gene found in Escherichia coli O157:H7 str. Sakai,ECs3305,"['gene', 'Q7187']","['Escherichia coli O157:H7 str. Sakai', 'Q21102930']",915305,"['Acetyltransferase YpeA ECs3305', 'Q24144833']","['gene', 'Q7187']",3275240,"['reverse strand', 'Q22809711']",3274815
"['putative acyltransferase ECUMN_2755', 'Q23144398']",microbial gene found in Escherichia coli UMN026,ECUMN_2755,"['gene', 'Q7187']","['Escherichia coli UMN026', 'Q21102931']",7158945,"['Putative acyltransferase ECUMN_2755', 'Q24148095']","['gene', 'Q7187']",2837954,"['reverse strand', 'Q22809711']",2837529
"['acetyltransferase YpeA NRG857_12190', 'Q23100019']",microbial gene found in Escherichia coli O83:H1 str. NRG 857C,NRG857_12190,"['gene', 'Q7187']","['Escherichia coli O83:H1 str. NRG 857C', 'Q21102934']",12876965,"['Acetyltransferase YpeA NRG857_12190', 'Q24151943']","['gene', 'Q7187']",2552426,"['reverse strand', 'Q22809711']",2552001
"['putative acetyltransferase KPHS_38470', 'Q23134636']",microbial gene found in Klebsiella pneumoniae subsp. pneumoniae HS11286,KPHS_38470,"['gene', 'Q7187']","['Klebsiella pneumoniae subsp. pneumoniae HS11286', 'Q21102939']",11848886,"['Putative acetyltransferase KPHS_38470', 'Q24272443']","['gene', 'Q7187']",3878548,"['reverse strand', 'Q22809711']",3878123
"['acetyltransferase O3K_07235', 'Q23113988']",microbial gene found in Escherichia coli O104:H4 str. 2011C-3493,O3K_07235,"['gene', 'Q7187']","['Escherichia coli O104:H4 str. 2011C-3493', 'Q21102937']",13702902,"['Acetyltransferase O3K_07235', 'Q24280253']","['gene', 'Q7187']",1501165,"['forward strand', 'Q22809680']",1500740
"['acetyltransferase YpeA SDY_2632', 'Q23139978']",microbial gene found in Shigella dysenteriae Sd197,SDY_2632,"['gene', 'Q7187']","['Shigella dysenteriae Sd197', 'Q21102940']",3797959,"['Acetyltransferase YpeA SDY_2632', 'Q27475323']","['gene', 'Q7187']",2425229,"['reverse strand', 'Q22809711']",2424804
"['acetyltransferase YPO3031', 'Q22568718']",microbial gene found in Yersinia pestis CO92,YPO3031,"['gene', 'Q7187']","['Yersinia pestis CO92', 'Q21102943']",1175852,"['acetyltransferase    YPO3031', 'Q23427580']","['gene', 'Q7187']",3384789,"['reverse strand', 'Q22809711']",3384364
