label,description,taxon name,parent taxon,NCBI taxonomy ID,instance of,GenBank assembly accession number,Gram staining
"['Escherichia coli IAI39', 'Q21102933']",bacterial strain,Escherichia coli IAI39,"['Escherichia coli', 'Q25419']",585057,"['strain', 'Q855769']",GCA_000026345.1,
"['Shigella flexneri 2a str. 301', 'Q21102941']",bacterial strain,Shigella flexneri 2a str. 301,"['Shigella flexneri', 'Q1644417']",198214,"['strain', 'Q855769']",GCA_000006925.2,"['Gram-negative bacteria', 'Q632006']"
"['Yersinia enterocolitica subsp. enterocolitica 8081', 'Q21102942']",bacterial strain,Yersinia enterocolitica subsp. enterocolitica 8081,"['Yersinia enterocolitica', 'Q135177']",393305,"['strain', 'Q855769']",GCA_000009345.1,"['Gram-negative bacteria', 'Q632006']"
"['Salmonella enterica subsp. enterica serovar Typhimurium str. LT2', 'Q21102996']",bacterial strain,Salmonella enterica subsp. enterica serovar Typhimurium str. LT2,"['Salmonella enterica', 'Q2264864']",99287,"['strain', 'Q855769']",GCA_000006945.2,"['Gram-negative bacteria', 'Q632006']"
"['Salmonella enterica subsp. enterica serovar Typhi str. CT18', 'Q21102997']",bacterial strain,Salmonella enterica subsp. enterica serovar Typhi str. CT18,"['Salmonella enterica', 'Q2264864']",220341,"['strain', 'Q855769']",GCA_000195995.1,"['Gram-negative bacteria', 'Q632006']"
"['Enterobacter aerogenes KCTC 2190', 'Q21102927']",bacterial strain,Enterobacter aerogenes KCTC 2190,"['Klebsiella aerogenes', 'Q644487']",1028307,"['strain', 'Q855769']",GCA_000215745.1,"['Gram-negative bacteria', 'Q632006']"
"['Enterobacter cloacae subsp. cloacae ATCC 13047', 'Q21102928']",bacterial strain,Enterobacter cloacae subsp. cloacae ATCC 13047,"['Enterobacter cloacae', 'Q4038096']",716541,"['strain', 'Q855769']",GCA_000025565.1,"['Gram-negative bacteria', 'Q632006']"
"['Escherichia coli O157:H7 str. Sakai', 'Q21102930']",bacterial strain,Escherichia coli O157:H7 str. Sakai,"['Escherichia coli', 'Q25419']",386585,"['strain', 'Q855769']",GCA_000008865.1,"['Gram-negative bacteria', 'Q632006']"
"['Escherichia coli UMN026', 'Q21102931']",bacterial strain,Escherichia coli UMN026,"['Escherichia coli', 'Q25419']",585056,"['strain', 'Q855769']",GCA_000026325.2,"['Gram-negative bacteria', 'Q632006']"
"['Escherichia coli O83:H1 str. NRG 857C', 'Q21102934']",bacterial strain,Escherichia coli O83:H1 str. NRG 857C,"['Escherichia coli', 'Q25419']",685038,"['strain', 'Q855769']",GCA_000183345.1,"['Gram-negative bacteria', 'Q632006']"
"['Klebsiella pneumoniae subsp. pneumoniae HS11286', 'Q21102939']",bacterial strain,Klebsiella pneumoniae subsp. pneumoniae HS11286,"['Klebsiella pneumoniae', 'Q132592']",1125630,"['strain', 'Q855769']",GCA_000240185.2,"['Gram-negative bacteria', 'Q632006']"
"['Escherichia coli O104:H4 str. 2011C-3493', 'Q21102937']",bacterial strain,Escherichia coli O104:H4 str. 2011C-3493,"['Escherichia coli', 'Q25419']",1133852,"['strain', 'Q855769']",GCA_000299455.1,"['Gram-negative bacteria', 'Q632006']"
"['Shigella dysenteriae Sd197', 'Q21102940']",bacterial strain,Shigella dysenteriae Sd197,"['Shigella dysenteriae', 'Q265094']",300267,"['strain', 'Q855769']",GCA_000012005.1,"['Gram-negative bacteria', 'Q632006']"
"['Yersinia pestis CO92', 'Q21102943']",bacterial strain,Yersinia pestis CO92,"['Yersinia pestis', 'Q153875']",214092,"['strain', 'Q855769']",GCA_001293415.1,"['Gram-negative bacteria', 'Q632006']"
