label,description,instance of,short name,approved by,SPDX license ID
proprietary license,type of license for a creative work in which the copyright holder retains most of the rights,copyright license,non-free,,
open source license,"open-source license is a type of license for computer software and other products that allows the source code, blueprint or design to be used, modified and/or shared under defined terms and conditions",,,,
Artistic License,series of free software licenses,license,,Open Source Initiative,Artistic-1.0
"Mozilla Public License, version 1.1",,"version, edition, or translation",MPL 1.1,Debian Free Software Guidelines,MPL-1.1
"GNU General Public License, version 3.0","latest version of the GNU GPL (version 3), free software license with copyleft",copyleft free software license,GNU GPL v3,Free Software Foundation,GPL-3.0-only
"GNU Library General Public License, version 2.0",free software license created by the Free Software Foundation,free software license,LGPL-2.0-only,Free Software Foundation,LGPL-2.0-only
"GNU General Public License, version 2.0","previous version of the GNU GPL (version 2), free software license with copyleft",copyleft free software license,GNU GPL v2,Free Software Foundation,GPL-2.0-only
"Apache License, Version 2.0",software license approved by the ASF in 2004,permissive free software license,Apache-2.0,Free Software Foundation,Apache-2.0
"GNU General Public License, version 3.0 or later","latest or (at your option) any later version version of the GNU GPL (version 3), free software license with copyleft",copyleft free software license,GPL-3.0-or-later,Open Source Initiative,GPL-3.0-or-later
MIT license,permissive free software license,permissive free software license,MIT,Open Source Initiative,MIT
"GNU General Public License, version 2.0 or later","previous or (at your option) any later version of the GNU GPL (version 2), free software license with copyleft",copyleft free software license,GPL-2.0-or-later,Open Source Initiative,GPL-2.0-or-later
