label,description,instance of,official website,copyright license,copyright status,programmed in
XMLSpy,XML editing integrated development environment,XML editor,https://www.altova.com/xmlspy-xml-editor,proprietary license,copyrighted,
Oxygen XML Editor,"multi-platform XML editor, XSLT/XQuery debugger and profiler",XML editor,https://www.oxygenxml.com/,proprietary license,copyrighted,Java
XMLmind XML Editor,Software for modifying XML documents,XML editor,http://www.xmlmind.com/xmleditor/,proprietary license,copyrighted,Java
XMetaL,Software,XML editor,http://www.xmetal.com,,,
Xerlin,,XML editor,http://www.xerlin.org/,open source license,,Java
Exchanger XML Editor,Software for modifying XML documents,XML editor,https://code.google.com/archive/p/exchangerxml/,Artistic License,copyrighted,Java
XNGR XML Browser,XML Editor,XML editor,http://www.xngr.org/,"Mozilla Public License, version 1.1",copyrighted,Java
XPontus XML Editor,Software for editing XML documents,XML editor,http://xpontus.sourceforge.net/,"GNU General Public License, version 3.0",copyrighted,Java
QXmlEdit,Software to modify XML documents,XML editor,http://qxmledit.org/,"GNU Library General Public License, version 2.0",copyrighted,C++
XML Copy Editor,Software to modify XML documents,XML editor,http://xml-copy-editor.sourceforge.net/,"GNU General Public License, version 2.0",copyrighted,C++
jquery.xmleditor,Software to edit XML documents,XML editor,https://github.com/UNC-Libraries/jquery.xmleditor,"Apache License, Version 2.0",copyrighted,JavaScript
EditiX XML Editor,Software to modify XML documents,XML editor,http://www.editix.com/,"GNU General Public License, version 3.0 or later",copyrighted,Java
StructuredXmlEditor,Software to edit XML documents,XML editor,https://github.com/Lyeeedar/StructuredXmlEditor,"Apache License, Version 2.0",copyrighted,C#
LiveXMLEdit,Software to edit XML documents,XML editor,http://livexmledit.com/,MIT license,copyrighted,JavaScript
Doctored.js,Software to edit XML documents,XML editor,http://holloway.co.nz/doctored/,"GNU General Public License, version 3.0",copyrighted,JavaScript
Daxe,Software to edit XML documents,XML editor,https://adopt.github.io/daxe/,"GNU General Public License, version 3.0 or later",copyrighted,Dart
Syntext Serna Free XML editor,Software to modify XML documents,XML editor,https://github.com/ydirson/serna-free,"GNU General Public License, version 3.0",copyrighted,C++
Waarp XmlEditor,Software to edit XML documents,XML editor,https://waarp.github.io/Waarp/XmlEditor.html,"GNU General Public License, version 3.0 or later",copyrighted,Java
VTD-XML,Software to edit XML documents,XML editor,https://vtd-xml.sourceforge.io/,"GNU General Public License, version 2.0 or later",copyrighted,C
Jaxe,Software to edit XML documents,XML editor,http://jaxe.sourceforge.net/,"GNU General Public License, version 2.0",copyrighted,Java
Liquid XML Editor,Software to modify XML documents,XML editor,https://www.liquid-technologies.com/xml-editor,proprietary license,copyrighted,
WmHelp XmlPad,Software to edit XML documents,XML editor,http://www.wmhelp.com/,proprietary license,copyrighted,
