{
  "INFO": {
    "start_table": [
      "Q1760545",
      "XML editor"
    ],
    "num_tables": 2
  },
  "TABLES": {
    "XML editor": {
      "TOPIC_ID": "Q1760545",
      "FILEPATH": "xml-editor.csv",
      "NUM_ROWS": 22,
      "NUM_COLUMNS": 7,
      "COLUMNS": [
        "label",
        "description",
        "instance of",
        "official website",
        "copyright license",
        "copyright status",
        "programmed in"
      ],
      "COLUMN_DATATYPES": [
        "string",
        "string",
        "wikibase-entityid",
        "string",
        "wikibase-entityid",
        "wikibase-entityid",
        "wikibase-entityid"
      ],
      "FOREIGN_KEYS": [
        {
          "FOREIGN_KEY": [
            "P275",
            "copyright license"
          ],
          "REFERENCE_TABLE": "copyright license"
        }
      ]
    },
    "copyright license": {
      "TOPIC_ID": "P275",
      "FILEPATH": "copyright-license.csv",
      "NUM_ROWS": 11,
      "NUM_COLUMNS": 6,
      "COLUMNS": [
        "label",
        "description",
        "instance of",
        "short name",
        "approved by",
        "SPDX license ID"
      ],
      "COLUMN_DATATYPES": [
        "string",
        "string",
        "wikibase-entityid",
        "monolingualtext",
        "wikibase-entityid",
        "string"
      ],
      "FOREIGN_KEYS": []
    }
  }
}