{
  "INFO": {
    "start_table": [
      "Q1760545",
      "XML editor"
    ],
    "num_tables": 2
  },
  "TABLES": {
    "XML editor": {
      "TOPIC_ID": "Q1760545",
      "FILEPATH": "xml-editor.csv",
      "NUM_COLUMNS": 7,
      "NUM_ROWS": 22,
      "FOREIGN_KEYS": [
        {
          "FOREIGN_KEY": [
            "P275",
            "copyright license"
          ],
          "REFERENCE_TABLE": "copyright license"
        }
      ]
    },
    "copyright license": {
      "TOPIC_ID": "P275",
      "FILEPATH": "copyright-license.csv",
      "NUM_COLUMNS": 6,
      "NUM_ROWS": 11,
      "FOREIGN_KEYS": []
    }
  }
}