label,description,instance of,present in work
"['Kirby', 'Q613241']",fictional character,"['fictional extraterrestrial', 'Q1307329']","['Kirby: Right Back at Ya!', 'Q1205191']"
"['onryō', 'Q634195']",ghost in Japanese folklore,"['fictional creature', 'Q2593744']",
"['Elmo', 'Q762250']",Muppet character on the children's television show Sesame Street,"['fictional creature', 'Q2593744']","['Sesame Street', 'Q155629']"
"['Tatzelwurm', 'Q929345']",Mythical creature,"['fictional creature', 'Q2593744']",
"['Thing', 'Q967494']",fictional character in The Addams Family,"['fictional creature', 'Q2593744']","['The Addams Family', 'Q1182672']"
"['Swamp Thing', 'Q1427625']","fictional character, is a humanoid/plant creature elemental in the DC Comics Universe","['comics character', 'Q1114461']","['House of Secrets', 'Q25566']"
"['Cookie Monster', 'Q1754267']",character from the television series Sesame Street,"['television character', 'Q15773317']","['Sesame Street', 'Q155629']"
"['Totoro', 'Q1939137']",fictional character from My Neighbor Totoro,"['anime character', 'Q80447738']","['My Neighbor Totoro', 'Q39571']"
"['Gossamer', 'Q2357888']",animated cartoon character in the Warner Bros. Looney Tunes and Merrie Melodies series of cartoons,"['animated character', 'Q15711870']","['Looney Tunes', 'Q622435']"
"['Om Nom', 'Q2466232']",,"['video game character', 'Q1569167']","['Cut the Rope', 'Q899666']"
"['Pilaf', 'Q2481483']",Dragon Ball character,"['anime character', 'Q80447738']","['Dragon Ball', 'Q2020']"
"['Lubin', 'Q3264645']",,"['fictional creature', 'Q2593744']",
"['Magohamoth', 'Q3277351']",character from Lanfeust of Troy,"['fictional creature', 'Q2593744']","['Lanfeust of Troy', 'Q1758672']"
"['Gill-man', 'Q3866197']","lead antagonist of the 1954 film ""Creature from the Black Lagoon"" and its two sequels","['horror film character', 'Q15780329']","['Creature from the Black Lagoon', 'Q124612']"
"['Mordred Deschain', 'Q4352671']",character from Stephen King's The Dark Tower series,"['fictional character', 'Q95074']","['The Dark Tower VI: Song of Susannah', 'Q1637738']"
"['Great Unknown', 'Q4353329']",,"['fictional creature', 'Q2593744']","['A Series of Unfortunate Events', 'Q213841']"
"['Angel', 'Q4762047']",creature in the Dungeons & Dragons universe,"['fictional creature', 'Q2593744']","['Dungeons & Dragons', 'Q1375']"
"['Fairy', 'Q5430941']",from the series Artemis Fowl,"['fictional creature', 'Q2593744']","['Artemis Fowl', 'Q325283']"
"['Mara', 'Q6754469']",fictional monster,"['television character', 'Q15773317']","['Doctor Who', 'Q34316']"
"['Happy', 'Q10922148']",fictional character from Fairy Tail,"['fictional creature', 'Q2593744']","['Fairy Tail', 'Q18796']"
"['Kyubey', 'Q11297446']",fictional character from Puella Magi Madoka Magica,"['fictional creature', 'Q2593744']","['Puella Magi Madoka☆Magica', 'Q53353']"
"['Jabberwock', 'Q11309917']",fictional creature,"['fictional creature', 'Q2593744']","['Jabberwocky', 'Q250371']"
"['Otsoko', 'Q12265381']",Creature from Basque mythology,"['fictional creature', 'Q2593744']",
"['Spàgan', 'Q13194826']",Character in a series of children's books by the Western Islands Bilingual Education Project,"['fictional creature', 'Q2593744']",
"['Ass-Blaster', 'Q17807733']",fictional species of monster from the Tremors franchise,"['fictional creature', 'Q2593744']","['Tremors', 'Q3998250']"
"['Inajira', 'Q18351238']",fictional character from Ravenloft,"['fictional creature', 'Q2593744']","['Ravenloft', 'Q777042']"
"['Wrackspurt', 'Q31172735']",,"['fictional creature', 'Q2593744']","['Harry Potter and the Half-Blood Prince', 'Q46887']"
"['Demogorgon', 'Q43245462']",fictional creature in Netflix series Stranger Things,"['fictional creature', 'Q2593744']","['Stranger Things', 'Q19798734']"
"['Minotaur', 'Q55029353']",operatic character in the opera Phaedra (Henze),"['operatic character', 'Q50386450']","['Phaedra', 'Q2084699']"
"['Taltos', 'Q55823799']",,"['fictional creature', 'Q2593744']","['Merrick', 'Q1922026']"
"['●●|●●●●●|●●|●', 'Q59505484']",fictional monster from the SCP web-based collaborative writing project,"['SCP', 'Q81113235']","['SCP Foundation', 'Q17439649']"
"['Snaggy', 'Q64616733']",Meow Wolf mascot monster,"['mascot character', 'Q386208']",
"['Blatant Beast', 'Q72323582']",fictional beast in Edmund Spenser's The Faerie Queene,"['fictional creature', 'Q2593744']","['The Faerie Queene', 'Q1813771']"
"['SCP-087-1', 'Q79055129']",fictional humanoid creature from the eponymous literary work,"['SCP', 'Q81113235']","['SCP-087 - The Stairwell', 'Q79054664']"
"['Gefilte P. Fish', 'Q83799736']",,"['fictional character', 'Q95074']","['The Itche Kadoozy Show', 'Q83799138']"
"['Sonnie', 'Q96097910']",character in the Confederation Universe of Peter F. Hamilton,"['fictional human', 'Q15632617']","[""Sonnie's Edge"", 'Q71065611']"
"['Ranga', 'Q104839230']",fictional character from That Time I Got Reincarnated as a Slime,"['fictional creature', 'Q2593744']","['That Time I Got Reincarnated as a Slime', 'Q22100530']"
"['Mongor', 'Q105078595']",fictional monster in ThunderCats,"['fictional creature', 'Q2593744']","['ThunderCats', 'Q699655']"
"['Slithe', 'Q105195306']",fictional character of ThunderCats,"['fictional creature', 'Q2593744']","['ThunderCats', 'Q699655']"
"['Arakune', 'Q105712755']",fictional character from BlazBlue,"['fictional creature', 'Q2593744']","['BlazBlue: Calamity Trigger', 'Q597079']"
"['The Lich', 'Q106546807']",fictional character from Adventure Time,"['animated character', 'Q15711870']","['Adventure Time', 'Q53093']"
"['Braco', 'Q106812469']",character from Adventure Time,"['animated character', 'Q15711870']","['Adventure Time', 'Q53093']"
"['Hawk', 'Q106831595']",fictional character from The Seven Deadly Sins,"['fictional creature', 'Q2593744']","['The Seven Deadly Sins', 'Q9048543']"
"['Apito', 'Q107064135']",fictional character from That Time I Got Reincarnated as a Slime,"['fictional creature', 'Q2593744']","['That Time I Got Reincarnated as a Slime', 'Q22100530']"
"['Zegion', 'Q107064136']",fictional character from That Time I Got Reincarnated as a Slime,"['fictional creature', 'Q2593744']","['That Time I Got Reincarnated as a Slime', 'Q22100530']"
"['Momoo', 'Q107724503']",fictional character from One Piece,"['fictional creature', 'Q2593744']","['One Piece', 'Q28667972']"
"['Meme Man', 'Q107782344']",Internet meme,"['Internet meme', 'Q2927074']",
"['Su', 'Q107999911']",fictional character from One Piece,"['fictional creature', 'Q2593744']","['One Piece', 'Q28667972']"
"['Gomorrah', 'Q108206697']",fictional character from One Piece,"['fictional creature', 'Q2593744']","['One Piece', 'Q28667972']"
"['Sodom', 'Q108206698']",fictional character from One Piece,"['fictional creature', 'Q2593744']","['One Piece', 'Q28667972']"
"['Stone', 'Q108406377']",Dream of the Red Chamber character,"['literary character', 'Q3658341']","['Dream of the Red Chamber', 'Q8265']"
"['Huggy Wuggy', 'Q111315224']",main antagonist of the 2021 video game Poppy Playtime,"['video game character', 'Q1569167']","['Poppy Playtime', 'Q109278524']"
"['azmuth', 'Q111828643']",,"['fictional creature', 'Q2593744']",
"['The Questing Beast', 'Q112039953']",fictional character from T. H. White's The Once and Future King,"['fictional creature', 'Q2593744']","['The Sword in the Stone', 'Q3205402']"
"['SCP-280', 'Q112410438']",fictional creature from the SCP web-based collaborative writing project,"['literary character', 'Q3658341']","['SCP Foundation', 'Q17439649']"
"['Mommy Long Legs', 'Q114067582']",fictional character from Poppy Playtime,"['video game character', 'Q1569167']","['Poppy Playtime', 'Q109278524']"
"['Wither Storm', 'Q114145845']",fictional species in Minecraft,"['fictional creature', 'Q2593744']","['Minecraft: Story Mode', 'Q20888644']"
"['Crungus', 'Q114658096']",Imaginary creature,"['fictional creature', 'Q2593744']",
"['Yetrigar', 'Q115563116']",fictional character in Marvel Comics,"['fictional creature', 'Q2593744']","['Godzilla, King of the Monsters', 'Q96379649']"
"['Ricky', 'Q116025922']",fictional character in the video game My Friendly Neighborhood,"['video game character', 'Q1569167']","['My Friendly Neighborhood', 'Q116025560']"
"['Ray', 'Q116026008']",main antagonist of the video game My Friendly Neighborhood,"['video game character', 'Q1569167']","['My Friendly Neighborhood', 'Q116025560']"
"['Hilichurl', 'Q116028785']",fictional species in Genshin Impact,"['fictional creature', 'Q2593744']","['Genshin Impact', 'Q65059474']"
"['Tyler Bungard', 'Q116201424']",fictional character from Inanimate Insanity,"['fictional creature', 'Q2593744']","['Inanimate Insanity', 'Q111532420']"
"['Frost Beasts', 'Q116298446']",fictional creatures in the Marvel Universe,"['fictional creature', 'Q2593744']","['Thor', 'Q217020']"
"['Asgardian Horses', 'Q116298548']",fictional creatures in the Marvel Cinematic Universe,"['fictional creature', 'Q2593744']","['Thor', 'Q217020']"
"['Leviathans', 'Q116478695']",fictional creatures in the Marvel Cinematic Universe,"['fictional creature', 'Q2593744']","['The Avengers', 'Q182218']"
