label,description,instance of,topic's main category,subclass of
"['comedy anime and manga', 'Q15286013']",anime and manga genre,"['anime and manga genre', 'Q4178140']","['Category:Comedy anime and manga', 'Q7016124']","['comedy', 'Q40831']"
"['sketch comedy', 'Q743934']",series of short comedy scenes or vignettes,"['comedic genre', 'Q5151404']","['Category:Sketch comedy', 'Q8749494']","['theatre', 'Q11635']"
"['fantasy film', 'Q157394']",film genre,"['film genre', 'Q201658']","['Category:Fantasy films', 'Q7237436']","['fantasy', 'Q132311']"
"['comedy', 'Q40831']",genre of dramatic works intended to be humorous,"['type of work of art', 'Q116474095']","['Category:Comedy', 'Q8391712']","['work of art', 'Q838948']"
"['puzzle video game', 'Q54767']",genre of video games,"['video game genre', 'Q659563']","['Category:Puzzle video games', 'Q6652804']","['video game', 'Q7889']"
"['action fiction', 'Q1762165']",fiction-writing mode or genre,"['fiction genre', 'Q108465955']","['Category:Action (genre)', 'Q6842826']","['fiction', 'Q8253']"
"['horror film', 'Q200092']",film genre,"['film genre', 'Q201658']","['Category:Horror cinema', 'Q6206767']","['horror fiction', 'Q16575965']"
"['science fantasy', 'Q1080374']",science fiction genre,"['science fiction genre', 'Q1194240']","['Category:Science fantasy', 'Q8717333']","['fantasy', 'Q132311']"
"['young adult fiction', 'Q111984153']",genre of fiction made to appeal to young adults,"['fiction genre', 'Q108465955']",,"['fiction', 'Q8253']"
"['fantasy', 'Q132311']","genre of speculative fiction set in a fictional universe, often inspired by real world myth and folklore","['speculative/fantastic fiction genre', 'Q20076756']","['Category:Fantasy', 'Q7151195']","['speculative/fantastic fiction', 'Q9326077']"
"['speculative/fantastic fiction', 'Q9326077']","genre concept in fiction, comprising science fiction, horror, fantasy as well as alternative history, post-apocalyptic, gothic, superhero fiction, etc.; referred to by two different terms depending on the region","['fiction genre', 'Q108465955']","['Category:Speculative fiction', 'Q7005415']","['fiction', 'Q8253']"
"['science fiction television series', 'Q336059']",television genre,"['television series genre', 'Q12343431']","['Category:Science fiction television', 'Q6320544']","['science fiction', 'Q24925']"
"['drama anime and manga', 'Q15637299']",anime and manga genre,"['anime and manga genre', 'Q4178140']","['Category:Drama anime and manga', 'Q7216302']","['anime and manga', 'Q10901350']"
"['nonsense verse', 'Q1494806']",literary form; a form of nonsense literature usually employing strong prosodic elements,"['poetry genre', 'Q110220157']","['Category:Nonsense poetry', 'Q8681650']","['humorous poetry', 'Q114805151']"
"['monster film', 'Q1342372']",film genre,"['film genre', 'Q201658']","['Category:Monster movies', 'Q6433777']","['speculative/fantastic fiction film', 'Q2973181']"
"['tabletop role-playing game', 'Q1643932']",form of role-playing game for leisure,"['game genre', 'Q107551175']","['Category:Role playing game', 'Q9067546']","['role-playing game', 'Q160738']"
"['vampire literature', 'Q1425557']",literary genre,"['literary genre', 'Q223393']","['Category:Vampires in written fiction', 'Q5930422']","['horror literature', 'Q193606']"
"['creepypasta', 'Q3002431']",horror-related legends or images that have been copy-and-pasted around the Internet,"['literary genre', 'Q223393']","['Category:Creepypasta', 'Q18930043']","['fakelore', 'Q1308679']"
"['fighting game', 'Q846224']",video game genre,"['video game genre', 'Q659563']","['Category:Fighting games', 'Q7213862']","['action game', 'Q270948']"
"['fantasy television series', 'Q98526245']",television series genre,"['television series genre', 'Q12343431']","['Category:Fantasy television series', 'Q7164919']","['television series', 'Q5398426']"
"['action anime and manga', 'Q15637293']",anime and manga genre,"['anime and manga genre', 'Q4178140']","['Category:Action anime and manga', 'Q7598769']","['anime and manga', 'Q10901350']"
"['zhanghui novel', 'Q10379557']",traditional Chinese literary genre,"['literary genre', 'Q223393']","['Category:Zhanghui xiaoshuo', 'Q30954295']","['novel', 'Q8261']"
"['survival horror', 'Q333967']",subgenre of action-adventure video games,"['video game genre', 'Q659563']","['Category:Survival horror video games', 'Q8860116']","['action-adventure game', 'Q343568']"
"['adventure game', 'Q23916']",video game genre,"['video game genre', 'Q659563']","['Category:Adventure games', 'Q6850437']","['video game', 'Q7889']"
"['role-playing video game', 'Q744038']",video game genre,"['video game genre', 'Q659563']","['Category:Role-playing video games', 'Q8672933']","['video game', 'Q7889']"
"['reality show', 'Q3421644']",television genre,"['television genre', 'Q15961987']","['Category:Reality television programs', 'Q6762880']","['reality television', 'Q182415']"
"['action film', 'Q188473']",film genre,"['film genre', 'Q201658']","['Category:Action films', 'Q6832361']","['action fiction', 'Q1762165']"
