label,description,genre,instance of
"['Kirby: Right Back at Ya!', 'Q1205191']",2001 anime series based on Nintendo's Kirby franchise,"['comedy anime and manga', 'Q15286013']","['anime television series', 'Q63952888']"
"['Sesame Street', 'Q155629']",American children's television program,"['sketch comedy', 'Q743934']","['television series', 'Q5398426']"
"['The Addams Family', 'Q1182672']",Wikimedia disambiguation page,,"['Wikimedia disambiguation page', 'Q4167410']"
"['House of Secrets', 'Q25566']",anthology comic book series,,"['comic book series', 'Q14406742']"
"['My Neighbor Totoro', 'Q39571']",1988 film directed by Hayao Miyazaki,"['fantasy film', 'Q157394']","['anime film', 'Q20650540']"
"['Looney Tunes', 'Q622435']",1930-1969 American series of animated comedy short films produced by Warner Bros.,"['comedy', 'Q40831']","['animated film series', 'Q56884562']"
"['Cut the Rope', 'Q899666']",2013 video game,"['puzzle video game', 'Q54767']","['video game', 'Q7889']"
"['Dragon Ball', 'Q2020']",Japanese media franchise,"['action fiction', 'Q1762165']","['media franchise', 'Q196600']"
"['Lanfeust of Troy', 'Q1758672']",French comic series,,"['comic book series', 'Q14406742']"
"['Creature from the Black Lagoon', 'Q124612']",1954 American monster film,"['horror film', 'Q200092']","['3D film', 'Q229390']"
"['The Dark Tower VI: Song of Susannah', 'Q1637738']",2004 novel by Stephen King,"['science fantasy', 'Q1080374']","['literary work', 'Q7725634']"
"['A Series of Unfortunate Events', 'Q213841']",novel series by Lemony Snicket,"['young adult fiction', 'Q111984153']","['novel series', 'Q1667921']"
"['Dungeons & Dragons', 'Q1375']",first fantasy tabletop role-playing game,"['fantasy', 'Q132311']","['tabletop role-playing game', 'Q1643932']"
"['Artemis Fowl', 'Q325283']",book series,"['speculative/fantastic fiction', 'Q9326077']","['book series', 'Q277759']"
"['Doctor Who', 'Q34316']",British science fiction TV series,"['science fiction television series', 'Q336059']","['television series', 'Q5398426']"
"['Fairy Tail', 'Q18796']",Japanese manga series,"['comedy anime and manga', 'Q15286013']","['manga series', 'Q21198342']"
"['Puella Magi Madoka☆Magica', 'Q53353']",Japanese anime television series,"['drama anime and manga', 'Q15637299']","['anime television series', 'Q63952888']"
"['Jabberwocky', 'Q250371']",nonsense poem by Lewis Carroll,"['nonsense verse', 'Q1494806']","['poetry', 'Q482']"
"['Tremors', 'Q3998250']",media franchise,"['monster film', 'Q1342372']","['media franchise', 'Q196600']"
"['Ravenloft', 'Q777042']",gothic horror-themed campaign setting for Dungeons and Dragons,"['tabletop role-playing game', 'Q1643932']","['campaign setting', 'Q4418079']"
"['Harry Potter and the Half-Blood Prince', 'Q46887']",fantasy novel by J. K. Rowling,"['young adult fiction', 'Q111984153']","['literary work', 'Q7725634']"
"['Stranger Things', 'Q19798734']",American science fiction horror Netflix series,"['science fiction television series', 'Q336059']","['television series', 'Q5398426']"
"['Phaedra', 'Q2084699']",opera by Henze,,"['dramatico-musical work', 'Q58483083']"
"['Merrick', 'Q1922026']",2000 Book by Anne Rice,"['vampire literature', 'Q1425557']","['literary work', 'Q7725634']"
"['SCP Foundation', 'Q17439649']",Web-based collaborative fiction writing project.,"['creepypasta', 'Q3002431']","['literary work', 'Q7725634']"
"['The Faerie Queene', 'Q1813771']",English epic poem by Edmund Spenser,"['fantasy', 'Q132311']","['poem', 'Q5185279']"
"['SCP-087 - The Stairwell', 'Q79054664']",literary work from the SCP web-based collaborative writing project,,"['SCP article', 'Q111042372']"
"['The Itche Kadoozy Show', 'Q83799138']",Jewish video series,,"['audiovisual work', 'Q2431196']"
"[""Sonnie's Edge"", 'Q71065611']","short story by Peter F. Hamilton, part of the Confederation Universe and published in New Moon Magazine and the A Second Chance at Eden collection, and turned into a Love, Death + Robots episode",,"['literary work', 'Q7725634']"
"['That Time I Got Reincarnated as a Slime', 'Q22100530']",Japanese light novel series,"['fantasy', 'Q132311']","['light novel series', 'Q104213567']"
"['ThunderCats', 'Q699655']",1985 animated television series,"['science fiction television series', 'Q336059']","['television series', 'Q5398426']"
"['BlazBlue: Calamity Trigger', 'Q597079']",2008 fighting game,"['fighting game', 'Q846224']","['video game', 'Q7889']"
"['Adventure Time', 'Q53093']",American animated television series,"['fantasy television series', 'Q98526245']","['animated series', 'Q581714']"
"['The Seven Deadly Sins', 'Q9048543']",Japanese manga series by Nakaba Suzuki,"['action anime and manga', 'Q15637293']","['manga series', 'Q21198342']"
"['One Piece', 'Q28667972']",Japanese manga series,"['action anime and manga', 'Q15637293']","['manga series', 'Q21198342']"
"['Dream of the Red Chamber', 'Q8265']",one of China's Four Great Classical Novels,"['zhanghui novel', 'Q10379557']","['literary work', 'Q7725634']"
"['Poppy Playtime', 'Q109278524']",2021 survival horror video game developed by MOB Games,"['survival horror', 'Q333967']","['video game', 'Q7889']"
"['The Sword in the Stone', 'Q3205402']",novel by T. H. White,"['fantasy', 'Q132311']","['literary work', 'Q7725634']"
"['Minecraft: Story Mode', 'Q20888644']",2015 video game,"['adventure game', 'Q23916']","['video game', 'Q7889']"
"['Godzilla, King of the Monsters', 'Q96379649']",comic book series,,"['comic book series', 'Q14406742']"
"['My Friendly Neighborhood', 'Q116025560']",horror video game,"['survival horror', 'Q333967']","['video game', 'Q7889']"
"['Genshin Impact', 'Q65059474']",2020 free-to-play action role-playing video game,"['role-playing video game', 'Q744038']","['video game', 'Q7889']"
"['Inanimate Insanity', 'Q111532420']",YouTube web series,"['reality show', 'Q3421644']","['object show', 'Q112128153']"
"['Thor', 'Q217020']",2011 film directed by Kenneth Branagh,"['action film', 'Q188473']","['3D film', 'Q229390']"
"['The Avengers', 'Q182218']",2012 film directed by Joss Whedon,"['action film', 'Q188473']","['3D film', 'Q229390']"
