label,description,instance of,short name,approved by,SPDX license ID
"['proprietary license', 'Q3238057']",type of license for a creative work in which the copyright holder retains most of the rights,"['copyright license', 'Q77205602']",non-free,,
"['open source license', 'Q97044024']","open-source license is a type of license for computer software and other products that allows the source code, blueprint or design to be used, modified and/or shared under defined terms and conditions",,,,
"['Artistic License', 'Q713244']",series of free software licenses,"['license', 'Q79719']",,"['Open Source Initiative', 'Q845918']",Artistic-1.0
"['Mozilla Public License, version 1.1', 'Q26737735']",,"['version, edition, or translation', 'Q3331189']",MPL 1.1,"['Debian Free Software Guidelines', 'Q903054']",MPL-1.1
"['GNU General Public License, version 3.0', 'Q10513445']","latest version of the GNU GPL (version 3), free software license with copyleft","['copyleft free software license', 'Q5975031']",GNU GPL v3,"['Free Software Foundation', 'Q48413']",GPL-3.0-only
"['GNU Library General Public License, version 2.0', 'Q23035974']",free software license created by the Free Software Foundation,"['free software license', 'Q3943414']",LGPL-2.0-only,"['Free Software Foundation', 'Q48413']",LGPL-2.0-only
"['GNU General Public License, version 2.0', 'Q10513450']","previous version of the GNU GPL (version 2), free software license with copyleft","['copyleft free software license', 'Q5975031']",GNU GPL v2,"['Free Software Foundation', 'Q48413']",GPL-2.0-only
"['Apache License, Version 2.0', 'Q13785927']",software license approved by the ASF in 2004,"['permissive free software license', 'Q1437937']",Apache-2.0,"['Free Software Foundation', 'Q48413']",Apache-2.0
"['GNU General Public License, version 3.0 or later', 'Q27016754']","latest or (at your option) any later version version of the GNU GPL (version 3), free software license with copyleft","['copyleft free software license', 'Q5975031']",GPL-3.0-or-later,"['Open Source Initiative', 'Q845918']",GPL-3.0-or-later
"['MIT license', 'Q334661']",permissive free software license,"['permissive free software license', 'Q1437937']",MIT,"['Open Source Initiative', 'Q845918']",MIT
"['GNU General Public License, version 2.0 or later', 'Q27016752']","previous or (at your option) any later version of the GNU GPL (version 2), free software license with copyleft","['copyleft free software license', 'Q5975031']",GPL-2.0-or-later,"['Open Source Initiative', 'Q845918']",GPL-2.0-or-later
