label,description,instance of,official website,copyright license,copyright status,programmed in
"['XMLSpy', 'Q444542']",XML editing integrated development environment,"['XML editor', 'Q1760545']",https://www.altova.com/xmlspy-xml-editor,"['proprietary license', 'Q3238057']","['copyrighted', 'Q50423863']",
"['Oxygen XML Editor', 'Q7115951']","multi-platform XML editor, XSLT/XQuery debugger and profiler","['XML editor', 'Q1760545']",https://www.oxygenxml.com/,"['proprietary license', 'Q3238057']","['copyrighted', 'Q50423863']","['Java', 'Q251']"
"['XMLmind XML Editor', 'Q8042333']",Software for modifying XML documents,"['XML editor', 'Q1760545']",http://www.xmlmind.com/xmleditor/,"['proprietary license', 'Q3238057']","['copyrighted', 'Q50423863']","['Java', 'Q251']"
"['XMetaL', 'Q8042356']",Software,"['XML editor', 'Q1760545']",http://www.xmetal.com,,,
"['Xerlin', 'Q8043787']",,"['XML editor', 'Q1760545']",http://www.xerlin.org/,"['open source license', 'Q97044024']",,"['Java', 'Q251']"
"['Exchanger XML Editor', 'Q61939444']",Software for modifying XML documents,"['XML editor', 'Q1760545']",https://code.google.com/archive/p/exchangerxml/,"['Artistic License', 'Q713244']","['copyrighted', 'Q50423863']","['Java', 'Q251']"
"['XNGR XML Browser', 'Q61939823']",XML Editor,"['XML editor', 'Q1760545']",http://www.xngr.org/,"['Mozilla Public License, version 1.1', 'Q26737735']","['copyrighted', 'Q50423863']","['Java', 'Q251']"
"['XPontus XML Editor', 'Q61939834']",Software for editing XML documents,"['XML editor', 'Q1760545']",http://xpontus.sourceforge.net/,"['GNU General Public License, version 3.0', 'Q10513445']","['copyrighted', 'Q50423863']","['Java', 'Q251']"
"['QXmlEdit', 'Q61947546']",Software to modify XML documents,"['XML editor', 'Q1760545']",http://qxmledit.org/,"['GNU Library General Public License, version 2.0', 'Q23035974']","['copyrighted', 'Q50423863']","['C++', 'Q2407']"
"['XML Copy Editor', 'Q61947590']",Software to modify XML documents,"['XML editor', 'Q1760545']",http://xml-copy-editor.sourceforge.net/,"['GNU General Public License, version 2.0', 'Q10513450']","['copyrighted', 'Q50423863']","['C++', 'Q2407']"
"['jquery.xmleditor', 'Q61947654']",Software to edit XML documents,"['XML editor', 'Q1760545']",https://github.com/UNC-Libraries/jquery.xmleditor,"['Apache License, Version 2.0', 'Q13785927']","['copyrighted', 'Q50423863']","['JavaScript', 'Q2005']"
"['EditiX XML Editor', 'Q61947684']",Software to modify XML documents,"['XML editor', 'Q1760545']",http://www.editix.com/,"['GNU General Public License, version 3.0 or later', 'Q27016754']","['copyrighted', 'Q50423863']","['Java', 'Q251']"
"['StructuredXmlEditor', 'Q61947707']",Software to edit XML documents,"['XML editor', 'Q1760545']",https://github.com/Lyeeedar/StructuredXmlEditor,"['Apache License, Version 2.0', 'Q13785927']","['copyrighted', 'Q50423863']","['C#', 'Q2370']"
"['LiveXMLEdit', 'Q61948654']",Software to edit XML documents,"['XML editor', 'Q1760545']",http://livexmledit.com/,"['MIT license', 'Q334661']","['copyrighted', 'Q50423863']","['JavaScript', 'Q2005']"
"['Doctored.js', 'Q61949294']",Software to edit XML documents,"['XML editor', 'Q1760545']",http://holloway.co.nz/doctored/,"['GNU General Public License, version 3.0', 'Q10513445']","['copyrighted', 'Q50423863']","['JavaScript', 'Q2005']"
"['Daxe', 'Q61949482']",Software to edit XML documents,"['XML editor', 'Q1760545']",https://adopt.github.io/daxe/,"['GNU General Public License, version 3.0 or later', 'Q27016754']","['copyrighted', 'Q50423863']","['Dart', 'Q406009']"
"['Syntext Serna Free XML editor', 'Q61949575']",Software to modify XML documents,"['XML editor', 'Q1760545']",https://github.com/ydirson/serna-free,"['GNU General Public License, version 3.0', 'Q10513445']","['copyrighted', 'Q50423863']","['C++', 'Q2407']"
"['Waarp XmlEditor', 'Q61949895']",Software to edit XML documents,"['XML editor', 'Q1760545']",https://waarp.github.io/Waarp/XmlEditor.html,"['GNU General Public License, version 3.0 or later', 'Q27016754']","['copyrighted', 'Q50423863']","['Java', 'Q251']"
"['VTD-XML', 'Q61949979']",Software to edit XML documents,"['XML editor', 'Q1760545']",https://vtd-xml.sourceforge.io/,"['GNU General Public License, version 2.0 or later', 'Q27016752']","['copyrighted', 'Q50423863']","['C', 'Q15777']"
"['Jaxe', 'Q61951135']",Software to edit XML documents,"['XML editor', 'Q1760545']",http://jaxe.sourceforge.net/,"['GNU General Public License, version 2.0', 'Q10513450']","['copyrighted', 'Q50423863']","['Java', 'Q251']"
"['Liquid XML Editor', 'Q61951150']",Software to modify XML documents,"['XML editor', 'Q1760545']",https://www.liquid-technologies.com/xml-editor,"['proprietary license', 'Q3238057']","['copyrighted', 'Q50423863']",
"['WmHelp XmlPad', 'Q61951171']",Software to edit XML documents,"['XML editor', 'Q1760545']",http://www.wmhelp.com/,"['proprietary license', 'Q3238057']","['copyrighted', 'Q50423863']",
