{
  "INFO": {
    "start_table": [
      "Q28968258",
      "computer-animated film"
    ],
    "num_tables": 6
  },
  "TABLES": {
    "computer-animated film": {
      "TOPIC_ID": "Q28968258",
      "FILEPATH": "computer-animated-film.csv",
      "NUM_COLUMNS": 8,
      "NUM_ROWS": 76,
      "FOREIGN_KEYS": [
        {
          "FOREIGN_KEY": [
            "P364",
            "original language of film or TV show"
          ],
          "REFERENCE_TABLE": "original language of film or TV show"
        },
        {
          "FOREIGN_KEY": [
            "P495",
            "country of origin"
          ],
          "REFERENCE_TABLE": "country of origin"
        }
      ]
    },
    "original language of film or TV show": {
      "TOPIC_ID": "P364",
      "FILEPATH": "original-language-of-film-or-tv-show.csv",
      "NUM_COLUMNS": 63,
      "NUM_ROWS": 10,
      "FOREIGN_KEYS": []
    },
    "country of origin": {
      "TOPIC_ID": "P495",
      "FILEPATH": "country-of-origin.csv",
      "NUM_COLUMNS": 208,
      "NUM_ROWS": 22,
      "FOREIGN_KEYS": [
        {
          "FOREIGN_KEY": [
            "P1906",
            "office held by head of state"
          ],
          "REFERENCE_TABLE": "office held by head of state"
        },
        {
          "FOREIGN_KEY": [
            "P35",
            "head of state"
          ],
          "REFERENCE_TABLE": "head of state"
        },
        {
          "FOREIGN_KEY": [
            "P1792",
            "category of associated people"
          ],
          "REFERENCE_TABLE": "category of associated people"
        }
      ]
    },
    "office held by head of state": {
      "TOPIC_ID": "P1906",
      "FILEPATH": "office-held-by-head-of-state.csv",
      "NUM_COLUMNS": 13,
      "NUM_ROWS": 22,
      "FOREIGN_KEYS": []
    },
    "head of state": {
      "TOPIC_ID": "P35",
      "FILEPATH": "head-of-state.csv",
      "NUM_COLUMNS": 28,
      "NUM_ROWS": 20,
      "FOREIGN_KEYS": []
    },
    "category of associated people": {
      "TOPIC_ID": "P1792",
      "FILEPATH": "category-of-associated-people.csv",
      "NUM_COLUMNS": 7,
      "NUM_ROWS": 22,
      "FOREIGN_KEYS": []
    }
  }
}