{
  "INFO": {
    "start_table": [
      "Q28968258",
      "computer-animated film"
    ],
    "num_tables": 6
  },
  "TABLES": {
    "computer-animated film": {
      "TOPIC_ID": "Q28968258",
      "FILEPATH": "computer-animated-film.csv",
      "NUM_ROWS": 76,
      "NUM_COLUMNS": 8,
      "COLUMNS": [
        "label",
        "description",
        "instance of",
        "original language of film or TV show",
        "country of origin",
        "publication date",
        "title",
        "duration"
      ],
      "COLUMN_DATATYPES": [
        "string",
        "string",
        "wikibase-entityid",
        "wikibase-entityid",
        "wikibase-entityid",
        "time",
        "monolingualtext",
        "quantity"
      ],
      "FOREIGN_KEYS": [
        {
          "FOREIGN_KEY": [
            "P364",
            "original language of film or TV show"
          ],
          "REFERENCE_TABLE": "original language of film or TV show"
        },
        {
          "FOREIGN_KEY": [
            "P495",
            "country of origin"
          ],
          "REFERENCE_TABLE": "country of origin"
        }
      ]
    },
    "original language of film or TV show": {
      "TOPIC_ID": "P364",
      "FILEPATH": "original-language-of-film-or-tv-show.csv",
      "NUM_ROWS": 10,
      "NUM_COLUMNS": 63,
      "COLUMNS": [
        "label",
        "description",
        "Great Russian Encyclopedia Online ID",
        "Glottolog code",
        "Art & Architecture Thesaurus ID",
        "ISO 639-2 code",
        "topic's main category",
        "NDL Authority ID",
        "Biblioth\u00e8que nationale de France ID",
        "distribution map",
        "GND ID",
        "on focus list of Wikimedia project",
        "UNESCO language status",
        "linguistic typology",
        "UNESCO Thesaurus ID",
        "Library of Congress authority ID",
        "IETF language tag",
        "Encyclop\u00e6dia Britannica Online ID",
        "category for films in this language",
        "ISO 639-3 code",
        "Quora topic ID",
        "native label",
        "ISO 639-1 code",
        "WALS lect code",
        "Commons category",
        "GOST 7.75\u201397 code",
        "instance of",
        "short name",
        "writing system",
        "indigenous to",
        "Ethnologue language status",
        "Freebase ID",
        "subclass of",
        "Wikimedia language code",
        "described by source",
        "IAB code",
        "ABS ASCL 2011 code",
        "BNCF Thesaurus ID",
        "Ethnologue.com language code",
        "LoC and MARC vocabularies ID",
        "country",
        "studied by",
        "Australian Educational Vocabulary ID",
        "OmegaWiki Defined Meaning",
        "exact match",
        "related category",
        "YSO ID",
        "KBpedia ID",
        "POSIX locale identifier",
        "GitHub topic",
        "National Library of Israel J9U ID",
        "OpenAlex ID",
        "Lingua Libre ID",
        "number of speakers, writers, or signers",
        "Encyclopedia of China (Third Edition) ID",
        "NKCR AUT ID",
        "image",
        "WordNet 3.1 Synset ID",
        "Online PWN Encyclopedia ID",
        "UK Archival Thesaurus ID",
        "EU Knowledge Graph item ID",
        "language regulatory body",
        "page banner"
      ],
      "COLUMN_DATATYPES": [
        "string",
        "string",
        "string",
        "string",
        "string",
        "string",
        "wikibase-entityid",
        "string",
        "string",
        "string",
        "string",
        "wikibase-entityid",
        "wikibase-entityid",
        "wikibase-entityid",
        "string",
        "string",
        "string",
        "string",
        "wikibase-entityid",
        "string",
        "string",
        "monolingualtext",
        "string",
        "string",
        "string",
        "string",
        "wikibase-entityid",
        "monolingualtext",
        "wikibase-entityid",
        "wikibase-entityid",
        "wikibase-entityid",
        "string",
        "wikibase-entityid",
        "string",
        "wikibase-entityid",
        "string",
        "string",
        "string",
        "string",
        "string",
        "wikibase-entityid",
        "wikibase-entityid",
        "string",
        "string",
        "string",
        "wikibase-entityid",
        "string",
        "string",
        "string",
        "string",
        "string",
        "string",
        "string",
        "quantity",
        "string",
        "string",
        "string",
        "string",
        "string",
        "string",
        "string",
        "wikibase-entityid",
        "string"
      ],
      "FOREIGN_KEYS": []
    },
    "country of origin": {
      "TOPIC_ID": "P495",
      "FILEPATH": "country-of-origin.csv",
      "NUM_ROWS": 22,
      "NUM_COLUMNS": 208,
      "COLUMNS": [
        "label",
        "description",
        "Great Russian Encyclopedia Online ID",
        "coordinates of southernmost point",
        "New York Times topic ID",
        "GND ID",
        "category of associated people",
        "emergency phone number",
        "electrical plug type",
        "licence plate code",
        "BabelNet ID",
        "Gini coefficient",
        "category for people who died here",
        "native label",
        "MusicBrainz area ID",
        "INSEE countries and foreign territories code",
        "diplomatic relation",
        "Commons gallery",
        "VIAF ID",
        "history of topic",
        "capital",
        "official website",
        "OpenStreetMap relation ID",
        "mobile country code",
        "maritime identification digits",
        "NKCR AUT ID",
        "category of people buried here",
        "motto text",
        "geoshape",
        "Dewey Decimal Classification",
        "coordinates of easternmost point",
        "on focus list of Wikimedia project",
        "Le Monde diplomatique subject ID",
        "member of",
        "unemployment rate",
        "railway traffic side",
        "category for people born here",
        "YSO ID",
        "office held by head of state",
        "part of",
        "Commons category",
        "shares border with",
        "U.S. National Archives Identifier",
        "NALT ID",
        "ISO 3166-1 numeric code",
        "coordinates of westernmost point",
        "country calling code",
        "STW Thesaurus for Economics ID",
        "Statoids ID",
        "driving side",
        "Curlie ID",
        "flag",
        "FIPS 10-4 (countries and regions)",
        "ISNI",
        "NE.se ID",
        "population",
        "Getty Thesaurus of Geographic Names ID",
        "topic's main Wikimedia portal",
        "Wikimedia outline",
        "NDL Authority ID",
        "currency",
        "GeoNames ID",
        "Unicode character",
        "UNESCO Thesaurus ID",
        "geography of topic",
        "ISO 3166-1 alpha-3 code",
        "Quora topic ID",
        "MeSH descriptor ID",
        "Guardian topic ID",
        "basic form of government",
        "coat of arms image",
        "inception",
        "ITU/ISO/IEC object identifier",
        "legislative body",
        "located in time zone",
        "Freebase ID",
        "official language",
        "replaces",
        "continent",
        "coat of arms",
        "demonym",
        "National Library of Israel ID (old)",
        "ASC Leiden Thesaurus ID",
        "WIPO ST.3",
        "coordinates of northernmost point",
        "has quality",
        "ISO 3166-1 alpha-2 code",
        "total fertility rate",
        "area",
        "executive body",
        "central bank",
        "topic's main category",
        "head of government",
        "Biblioth\u00e8que nationale de France ID",
        "locator map image",
        "BBC Things ID",
        "IOC country code",
        "official name",
        "GACS ID",
        "archINFORM location ID",
        "Encyclop\u00e6dia Britannica Online ID",
        "described by source",
        "page banner",
        "category for films shot at this location",
        "mains voltage",
        "FAST ID",
        "number of out-of-school children",
        "anthem",
        "life expectancy",
        "Gran Enciclop\u00e8dia Catalana ID",
        "top-level Internet domain",
        "instance of",
        "highest point",
        "short name",
        "head of state",
        "lowest point",
        "CIVICUS Monitor country entry",
        "IdRef ID",
        "contains the administrative territorial entity",
        "ITU letter code",
        "Library of Congress authority ID",
        "coordinate location",
        "language used",
        "Brockhaus Enzyklop\u00e4die online ID",
        "Klexikon article ID",
        "flag image",
        "LoC and MARC vocabularies ID",
        "located in or next to body of water",
        "DR topic ID",
        "IAB code",
        "BBC News topic ID",
        "Who's on First ID",
        "Treccani's Dizionario di Storia ID",
        "The Top Tens ID",
        "World Encyclopedia of Puppetry Arts ID",
        "OmegaWiki Defined Meaning",
        "M.49 code",
        "HDS ID",
        "GS1 country code",
        "culture",
        "GeoNLP ID",
        "Analysis & Policy Observatory term ID",
        "category for maps",
        "French Vikidia ID",
        "English Vikidia ID",
        "Spanish Vikidia ID",
        "Online PWN Encyclopedia ID",
        "pronunciation audio",
        "EuroVoc ID",
        "WorldCat Identities ID",
        "country",
        "open data portal",
        "KBpedia ID",
        "Grove Art Online ID",
        "RKD thesaurus ID",
        "PM20 geo code",
        "subreddit",
        "Interlingual Index ID",
        "Jewish Encyclopedia ID (Russian)",
        "economy of topic",
        "UK Parliament thesaurus ID",
        "SAPA ID",
        "BHCL UUID",
        "Yle topic ID",
        "TasteAtlas ID",
        "Democracy Index",
        "Namuwiki ID",
        "WordNet 3.1 Synset ID",
        "Store norske leksikon ID",
        "demographics of topic",
        "iNaturalist place ID",
        "YSA ID",
        "Joconde location ID",
        "Zhihu topic ID",
        "iDAI.gazetteer ID",
        "Krugosvet article",
        "Treccani ID",
        "Schoenberg Database of Manuscripts place ID",
        "OBO Gazetteer ID",
        "The World Factbook country ID",
        "National Library of Israel J9U ID",
        "Colon Classification",
        "Den Store Danske ID",
        "Der Spiegel topic ID",
        "Gyldendals Teaterleksikon ID",
        "museum-digital place ID",
        "Wikisimpsons ID",
        "Urban Electric Transit country ID",
        "hashtag",
        "office held by head of government",
        "Personality Database profile ID",
        "Postimees topic ID",
        "AllTrails trail ID",
        "Human Development Index",
        "National Historical Museums of Sweden ID",
        "EU Knowledge Graph item ID",
        "OpenStreetMap element",
        "Happy Planet Index score",
        "Dagens Nyheter topic ID",
        "trunk prefix",
        "age of majority",
        "VAT rate",
        "GitHub topic",
        "Comic Vine ID",
        "marriageable age",
        "Gynopedia ID",
        "CNA topic ID",
        "Armeniapedia ID"
      ],
      "COLUMN_DATATYPES": [
        "string",
        "string",
        "string",
        "globecoordinate",
        "string",
        "string",
        "wikibase-entityid",
        "wikibase-entityid",
        "wikibase-entityid",
        "string",
        "string",
        "quantity",
        "wikibase-entityid",
        "monolingualtext",
        "string",
        "string",
        "wikibase-entityid",
        "string",
        "string",
        "wikibase-entityid",
        "wikibase-entityid",
        "string",
        "string",
        "string",
        "string",
        "string",
        "wikibase-entityid",
        "monolingualtext",
        "string",
        "string",
        "globecoordinate",
        "wikibase-entityid",
        "string",
        "wikibase-entityid",
        "quantity",
        "wikibase-entityid",
        "wikibase-entityid",
        "string",
        "wikibase-entityid",
        "wikibase-entityid",
        "string",
        "wikibase-entityid",
        "string",
        "string",
        "string",
        "globecoordinate",
        "string",
        "string",
        "string",
        "wikibase-entityid",
        "string",
        "wikibase-entityid",
        "string",
        "string",
        "string",
        "quantity",
        "string",
        "wikibase-entityid",
        "wikibase-entityid",
        "string",
        "wikibase-entityid",
        "string",
        "string",
        "string",
        "wikibase-entityid",
        "string",
        "string",
        "string",
        "string",
        "wikibase-entityid",
        "string",
        "time",
        "string",
        "wikibase-entityid",
        "wikibase-entityid",
        "string",
        "wikibase-entityid",
        "wikibase-entityid",
        "wikibase-entityid",
        "wikibase-entityid",
        "monolingualtext",
        "string",
        "string",
        "string",
        "globecoordinate",
        "wikibase-entityid",
        "string",
        "quantity",
        "quantity",
        "wikibase-entityid",
        "wikibase-entityid",
        "wikibase-entityid",
        "wikibase-entityid",
        "string",
        "string",
        "string",
        "string",
        "monolingualtext",
        "string",
        "string",
        "string",
        "wikibase-entityid",
        "string",
        "wikibase-entityid",
        "quantity",
        "string",
        "quantity",
        "wikibase-entityid",
        "quantity",
        "string",
        "wikibase-entityid",
        "wikibase-entityid",
        "wikibase-entityid",
        "monolingualtext",
        "wikibase-entityid",
        "wikibase-entityid",
        "string",
        "string",
        "wikibase-entityid",
        "string",
        "string",
        "globecoordinate",
        "wikibase-entityid",
        "string",
        "string",
        "string",
        "string",
        "wikibase-entityid",
        "string",
        "string",
        "string",
        "string",
        "string",
        "string",
        "string",
        "string",
        "string",
        "string",
        "string",
        "wikibase-entityid",
        "string",
        "string",
        "wikibase-entityid",
        "string",
        "string",
        "string",
        "string",
        "string",
        "string",
        "string",
        "wikibase-entityid",
        "wikibase-entityid",
        "string",
        "string",
        "string",
        "string",
        "string",
        "string",
        "string",
        "wikibase-entityid",
        "string",
        "string",
        "string",
        "string",
        "string",
        "quantity",
        "string",
        "string",
        "string",
        "wikibase-entityid",
        "string",
        "string",
        "string",
        "string",
        "string",
        "string",
        "string",
        "string",
        "string",
        "string",
        "string",
        "string",
        "string",
        "string",
        "string",
        "string",
        "string",
        "string",
        "string",
        "wikibase-entityid",
        "string",
        "string",
        "string",
        "quantity",
        "string",
        "string",
        "string",
        "quantity",
        "string",
        "string",
        "quantity",
        "quantity",
        "string",
        "string",
        "quantity",
        "string",
        "string",
        "string"
      ],
      "FOREIGN_KEYS": [
        {
          "FOREIGN_KEY": [
            "P1906",
            "office held by head of state"
          ],
          "REFERENCE_TABLE": "office held by head of state"
        },
        {
          "FOREIGN_KEY": [
            "P35",
            "head of state"
          ],
          "REFERENCE_TABLE": "head of state"
        },
        {
          "FOREIGN_KEY": [
            "P1792",
            "category of associated people"
          ],
          "REFERENCE_TABLE": "category of associated people"
        }
      ]
    },
    "office held by head of state": {
      "TOPIC_ID": "P1906",
      "FILEPATH": "office-held-by-head-of-state.csv",
      "NUM_ROWS": 22,
      "NUM_COLUMNS": 13,
      "COLUMNS": [
        "label",
        "description",
        "instance of",
        "country",
        "Commons category",
        "Freebase ID",
        "applies to jurisdiction",
        "topic's main category",
        "inception",
        "female form of label",
        "official website",
        "officeholder",
        "subclass of"
      ],
      "COLUMN_DATATYPES": [
        "string",
        "string",
        "wikibase-entityid",
        "wikibase-entityid",
        "string",
        "string",
        "wikibase-entityid",
        "wikibase-entityid",
        "time",
        "monolingualtext",
        "string",
        "wikibase-entityid",
        "wikibase-entityid"
      ],
      "FOREIGN_KEYS": []
    },
    "head of state": {
      "TOPIC_ID": "P35",
      "FILEPATH": "head-of-state.csv",
      "NUM_ROWS": 20,
      "NUM_COLUMNS": 28,
      "COLUMNS": [
        "label",
        "description",
        "country of citizenship",
        "occupation",
        "Commons category",
        "Library of Congress authority ID",
        "VIAF ID",
        "GND ID",
        "ISNI",
        "position held",
        "date of birth",
        "topic's main category",
        "instance of",
        "Freebase ID",
        "spouse",
        "languages spoken, written or signed",
        "name in native language",
        "father",
        "signature",
        "sex or gender",
        "Munzinger person ID",
        "WorldCat Identities ID",
        "given name",
        "image",
        "place of birth",
        "educated at",
        "religion or worldview",
        "OpenSanctions ID"
      ],
      "COLUMN_DATATYPES": [
        "string",
        "string",
        "wikibase-entityid",
        "wikibase-entityid",
        "string",
        "string",
        "string",
        "string",
        "string",
        "wikibase-entityid",
        "time",
        "wikibase-entityid",
        "wikibase-entityid",
        "string",
        "wikibase-entityid",
        "wikibase-entityid",
        "monolingualtext",
        "wikibase-entityid",
        "string",
        "wikibase-entityid",
        "string",
        "string",
        "wikibase-entityid",
        "string",
        "wikibase-entityid",
        "wikibase-entityid",
        "wikibase-entityid",
        "string"
      ],
      "FOREIGN_KEYS": []
    },
    "category of associated people": {
      "TOPIC_ID": "P1792",
      "FILEPATH": "category-of-associated-people.csv",
      "NUM_ROWS": 22,
      "NUM_COLUMNS": 7,
      "COLUMNS": [
        "label",
        "description",
        "Commons category",
        "instance of",
        "category's main topic",
        "category combines topics",
        "category contains"
      ],
      "COLUMN_DATATYPES": [
        "string",
        "string",
        "string",
        "wikibase-entityid",
        "wikibase-entityid",
        "wikibase-entityid",
        "wikibase-entityid"
      ],
      "FOREIGN_KEYS": []
    }
  }
}