label,description,subclass of,UniProt protein ID,found in taxon,encoded by,has part(s),instance of,RefSeq protein ID,part of
Acetyltransferase YpeA ECIAI39_2579,microbial protein found in Escherichia coli IAI39,protein,A0A0H3MJ04,Escherichia coli IAI39,acetyltransferase YpeA ECIAI39_2579,GNAT domain,protein,YP_002408529,"Acetyltransferase, YpeA"
Acetyltransferase YpeA SF2487,microbial protein found in Shigella flexneri 2a str. 301,protein,P63422,Shigella flexneri 2a str. 301,acetyltransferase YpeA SF2487,GNAT domain,protein,NP_708285,"Acetyltransferase, YpeA"
Acetyltransferase YE1169,microbial protein found in Yersinia enterocolitica subsp. enterocolitica 8081,protein,A1JL38,Yersinia enterocolitica subsp. enterocolitica 8081,acetyltransferase YE1169,GNAT domain,protein,YP_001005495,"Acetyltransferase, YpeA"
Putative acetyltransferase STM2449,microbial protein found in Salmonella enterica subsp. enterica serovar Typhimurium str. LT2,protein,P63423,Salmonella enterica subsp. enterica serovar Typhimurium str. LT2,acetyltransferase YpeA    STM2449.S,GNAT domain,protein,NP_461384,"Acetyltransferase, GNAT, predicted"
Acetyltransferase YpeA STY2686,microbial protein found in Salmonella enterica subsp. enterica serovar Typhi str. CT18,protein,P63424,Salmonella enterica subsp. enterica serovar Typhi str. CT18,acetyltransferase YpeA STY2686,GNAT domain,protein,NP_456984,"Acetyltransferase, GNAT, predicted"
Putative acetyltransferase EAE_00440,microbial protein found in Klebsiella aerogenes KCTC 2190,protein,A0A0H3FIC9,Enterobacter aerogenes KCTC 2190,putative acetyltransferase EAE_00440,GNAT domain,protein,YP_004590305,"Acetyltransferase, GNAT, predicted"
Putative acetyltransferase ECL_03757,microbial protein found in Enterobacter cloacae subsp. cloacae ATCC 13047,protein,A0A0H3CPZ9,Enterobacter cloacae subsp. cloacae ATCC 13047,putative acetyltransferase ECL_03757,GNAT domain,protein,YP_003614240,"Acetyltransferase, GNAT, predicted"
Acetyltransferase YpeA ECs3305,microbial protein found in Escherichia coli O157:H7 str. Sakai,protein,P63421,Escherichia coli O157:H7 str. Sakai,acetyltransferase YpeA ECs3305,GNAT domain,protein,NP_311332,"Acetyltransferase, YpeA"
Putative acyltransferase ECUMN_2755,microbial protein found in Escherichia coli UMN026,protein,B7N624,Escherichia coli UMN026,putative acyltransferase ECUMN_2755,GNAT domain,protein,YP_002413460,"Acetyltransferase, YpeA"
Acetyltransferase YpeA NRG857_12190,microbial protein found in Escherichia coli O83:H1 str. NRG 857C,protein,A0A0H3EJW0,Escherichia coli O83:H1 str. NRG 857C,acetyltransferase YpeA NRG857_12190,GNAT domain,protein,YP_006120788,"Acetyltransferase, YpeA"
Putative acetyltransferase KPHS_38470,microbial protein found in Klebsiella pneumoniae subsp. pneumoniae HS11286,protein,A0A0H3GRF4,Klebsiella pneumoniae subsp. pneumoniae HS11286,putative acetyltransferase KPHS_38470,GNAT domain,protein,YP_005228147,"Acetyltransferase, GNAT, predicted"
Acetyltransferase O3K_07235,microbial protein found in Escherichia coli O104:H4 str. 2011C-3493,protein,A0A0E0XXH5,Escherichia coli O104:H4 str. 2011C-3493,acetyltransferase O3K_07235,GNAT domain,protein,YP_006778155,"Acetyltransferase, YpeA"
Acetyltransferase YpeA SDY_2632,microbial protein found in Shigella dysenteriae Sd197,protein,Q32DB9,Shigella dysenteriae Sd197,acetyltransferase YpeA SDY_2632,GNAT domain,protein,YP_404177,"Acetyltransferase, YpeA"
Acetyltransferase YPO3031,microbial protein found in Yersinia pestis CO92,protein,Q8ZCG0,Yersinia pestis CO92,acetyltransferase YPO3031,GNAT domain,protein,YP_002347951,"Acetyltransferase, YpeA"
