label,description,NCBI locus tag,subclass of,found in taxon,Entrez Gene ID,encodes,instance of,genomic end,strand orientation,genomic start
acetyltransferase YpeA ECIAI39_2579,microbial gene found in Escherichia coli IAI39,ECIAI39_2579,gene,Escherichia coli IAI39,7153873,Acetyltransferase YpeA ECIAI39_2579,gene,2675799,reverse strand,2675374
acetyltransferase YpeA SF2487,microbial gene found in Shigella flexneri 2a str. 301,SF2487,gene,Shigella flexneri 2a str. 301,1025585,Acetyltransferase YpeA SF2487,gene,2548072,reverse strand,2547647
acetyltransferase YE1169,microbial gene found in Yersinia enterocolitica subsp. enterocolitica 8081,YE1169,gene,Yersinia enterocolitica subsp. enterocolitica 8081,4715700,Acetyltransferase YE1169,gene,1308733,forward strand,1308308
acetyltransferase YpeA    STM2449.S,microbial gene found in Salmonella enterica subsp. enterica serovar Typhimurium str. LT2,STM2449.S,gene,Salmonella enterica subsp. enterica serovar Typhimurium str. LT2,1253971,Putative acetyltransferase STM2449,,2560119,reverse strand,2559694
acetyltransferase YpeA STY2686,microbial gene found in Salmonella enterica subsp. enterica serovar Typhi str. CT18,STY2686,gene,Salmonella enterica subsp. enterica serovar Typhi str. CT18,1249003,Acetyltransferase YpeA STY2686,gene,2520334,reverse strand,2519909
putative acetyltransferase EAE_00440,microbial gene found in Klebsiella aerogenes KCTC 2190,EAE_00440,gene,Enterobacter aerogenes KCTC 2190,10790250,Putative acetyltransferase EAE_00440,gene,86293,reverse strand,85868
putative acetyltransferase ECL_03757,microbial gene found in Enterobacter cloacae subsp. cloacae ATCC 13047,ECL_03757,gene,Enterobacter cloacae subsp. cloacae ATCC 13047,9126234,Putative acetyltransferase ECL_03757,gene,3834286,reverse strand,3833861
acetyltransferase YpeA ECs3305,microbial gene found in Escherichia coli O157:H7 str. Sakai,ECs3305,gene,Escherichia coli O157:H7 str. Sakai,915305,Acetyltransferase YpeA ECs3305,gene,3275240,reverse strand,3274815
putative acyltransferase ECUMN_2755,microbial gene found in Escherichia coli UMN026,ECUMN_2755,gene,Escherichia coli UMN026,7158945,Putative acyltransferase ECUMN_2755,gene,2837954,reverse strand,2837529
acetyltransferase YpeA NRG857_12190,microbial gene found in Escherichia coli O83:H1 str. NRG 857C,NRG857_12190,gene,Escherichia coli O83:H1 str. NRG 857C,12876965,Acetyltransferase YpeA NRG857_12190,gene,2552426,reverse strand,2552001
putative acetyltransferase KPHS_38470,microbial gene found in Klebsiella pneumoniae subsp. pneumoniae HS11286,KPHS_38470,gene,Klebsiella pneumoniae subsp. pneumoniae HS11286,11848886,Putative acetyltransferase KPHS_38470,gene,3878548,reverse strand,3878123
acetyltransferase O3K_07235,microbial gene found in Escherichia coli O104:H4 str. 2011C-3493,O3K_07235,gene,Escherichia coli O104:H4 str. 2011C-3493,13702902,Acetyltransferase O3K_07235,gene,1501165,forward strand,1500740
acetyltransferase YpeA SDY_2632,microbial gene found in Shigella dysenteriae Sd197,SDY_2632,gene,Shigella dysenteriae Sd197,3797959,Acetyltransferase YpeA SDY_2632,gene,2425229,reverse strand,2424804
acetyltransferase YPO3031,microbial gene found in Yersinia pestis CO92,YPO3031,gene,Yersinia pestis CO92,1175852,acetyltransferase    YPO3031,gene,3384789,reverse strand,3384364
