label,description,taxon name,parent taxon,NCBI taxonomy ID,instance of,GenBank assembly accession number,Gram staining
Escherichia coli IAI39,bacterial strain,Escherichia coli IAI39,Escherichia coli,585057,strain,GCA_000026345.1,
Shigella flexneri 2a str. 301,bacterial strain,Shigella flexneri 2a str. 301,Shigella flexneri,198214,strain,GCA_000006925.2,Gram-negative bacteria
Yersinia enterocolitica subsp. enterocolitica 8081,bacterial strain,Yersinia enterocolitica subsp. enterocolitica 8081,Yersinia enterocolitica,393305,strain,GCA_000009345.1,Gram-negative bacteria
Salmonella enterica subsp. enterica serovar Typhimurium str. LT2,bacterial strain,Salmonella enterica subsp. enterica serovar Typhimurium str. LT2,Salmonella enterica,99287,strain,GCA_000006945.2,Gram-negative bacteria
Salmonella enterica subsp. enterica serovar Typhi str. CT18,bacterial strain,Salmonella enterica subsp. enterica serovar Typhi str. CT18,Salmonella enterica,220341,strain,GCA_000195995.1,Gram-negative bacteria
Enterobacter aerogenes KCTC 2190,bacterial strain,Enterobacter aerogenes KCTC 2190,Klebsiella aerogenes,1028307,strain,GCA_000215745.1,Gram-negative bacteria
Enterobacter cloacae subsp. cloacae ATCC 13047,bacterial strain,Enterobacter cloacae subsp. cloacae ATCC 13047,Enterobacter cloacae,716541,strain,GCA_000025565.1,Gram-negative bacteria
Escherichia coli O157:H7 str. Sakai,bacterial strain,Escherichia coli O157:H7 str. Sakai,Escherichia coli,386585,strain,GCA_000008865.1,Gram-negative bacteria
Escherichia coli UMN026,bacterial strain,Escherichia coli UMN026,Escherichia coli,585056,strain,GCA_000026325.2,Gram-negative bacteria
Escherichia coli O83:H1 str. NRG 857C,bacterial strain,Escherichia coli O83:H1 str. NRG 857C,Escherichia coli,685038,strain,GCA_000183345.1,Gram-negative bacteria
Klebsiella pneumoniae subsp. pneumoniae HS11286,bacterial strain,Klebsiella pneumoniae subsp. pneumoniae HS11286,Klebsiella pneumoniae,1125630,strain,GCA_000240185.2,Gram-negative bacteria
Escherichia coli O104:H4 str. 2011C-3493,bacterial strain,Escherichia coli O104:H4 str. 2011C-3493,Escherichia coli,1133852,strain,GCA_000299455.1,Gram-negative bacteria
Shigella dysenteriae Sd197,bacterial strain,Shigella dysenteriae Sd197,Shigella dysenteriae,300267,strain,GCA_000012005.1,Gram-negative bacteria
Yersinia pestis CO92,bacterial strain,Yersinia pestis CO92,Yersinia pestis,214092,strain,GCA_001293415.1,Gram-negative bacteria
