{
  "INFO": {
    "start_table": [
      "Q24769661",
      "Acetyltransferase, YpeA"
    ],
    "num_tables": 4
  },
  "TABLES": {
    "Acetyltransferase, YpeA": {
      "TOPIC_ID": "Q24769661",
      "FILEPATH": "acetyltransferase-ypea.csv",
      "NUM_ROWS": 14,
      "NUM_COLUMNS": 10,
      "COLUMNS": [
        "label",
        "description",
        "subclass of",
        "UniProt protein ID",
        "found in taxon",
        "encoded by",
        "has part(s)",
        "instance of",
        "RefSeq protein ID",
        "part of"
      ],
      "COLUMN_DATATYPES": [
        "string",
        "string",
        "wikibase-entityid",
        "string",
        "wikibase-entityid",
        "wikibase-entityid",
        "wikibase-entityid",
        "wikibase-entityid",
        "string",
        "wikibase-entityid"
      ],
      "FOREIGN_KEYS": [
        {
          "FOREIGN_KEY": [
            "P702",
            "encoded by"
          ],
          "REFERENCE_TABLE": "encoded by"
        }
      ]
    },
    "encoded by": {
      "TOPIC_ID": "P702",
      "FILEPATH": "encoded-by.csv",
      "NUM_ROWS": 14,
      "NUM_COLUMNS": 11,
      "COLUMNS": [
        "label",
        "description",
        "NCBI locus tag",
        "subclass of",
        "found in taxon",
        "Entrez Gene ID",
        "encodes",
        "instance of",
        "genomic end",
        "strand orientation",
        "genomic start"
      ],
      "COLUMN_DATATYPES": [
        "string",
        "string",
        "string",
        "wikibase-entityid",
        "wikibase-entityid",
        "string",
        "wikibase-entityid",
        "wikibase-entityid",
        "string",
        "wikibase-entityid",
        "string"
      ],
      "FOREIGN_KEYS": [
        {
          "FOREIGN_KEY": [
            "P703",
            "found in taxon"
          ],
          "REFERENCE_TABLE": "found in taxon"
        },
        {
          "FOREIGN_KEY": [
            "P688",
            "encodes"
          ],
          "REFERENCE_TABLE": "encodes"
        }
      ]
    },
    "found in taxon": {
      "TOPIC_ID": "P703",
      "FILEPATH": "found-in-taxon.csv",
      "NUM_ROWS": 14,
      "NUM_COLUMNS": 8,
      "COLUMNS": [
        "label",
        "description",
        "taxon name",
        "parent taxon",
        "NCBI taxonomy ID",
        "instance of",
        "GenBank assembly accession number",
        "Gram staining"
      ],
      "COLUMN_DATATYPES": [
        "string",
        "string",
        "string",
        "wikibase-entityid",
        "string",
        "wikibase-entityid",
        "string",
        "wikibase-entityid"
      ],
      "FOREIGN_KEYS": []
    },
    "encodes": {
      "TOPIC_ID": "P688",
      "FILEPATH": "encodes.csv",
      "NUM_ROWS": 14,
      "NUM_COLUMNS": 10,
      "COLUMNS": [
        "label",
        "description",
        "subclass of",
        "UniProt protein ID",
        "found in taxon",
        "encoded by",
        "has part(s)",
        "instance of",
        "RefSeq protein ID",
        "part of"
      ],
      "COLUMN_DATATYPES": [
        "string",
        "string",
        "wikibase-entityid",
        "string",
        "wikibase-entityid",
        "wikibase-entityid",
        "wikibase-entityid",
        "wikibase-entityid",
        "string",
        "wikibase-entityid"
      ],
      "FOREIGN_KEYS": []
    }
  }
}