{
  "INFO": {
    "start_table": [
      "Q24769661",
      "Acetyltransferase, YpeA"
    ],
    "num_tables": 4
  },
  "TABLES": {
    "Acetyltransferase, YpeA": {
      "TOPIC_ID": "Q24769661",
      "FILEPATH": "acetyltransferase-ypea.csv",
      "NUM_COLUMNS": 10,
      "NUM_ROWS": 14,
      "FOREIGN_KEYS": [
        {
          "FOREIGN_KEY": [
            "P702",
            "encoded by"
          ],
          "REFERENCE_TABLE": "encoded by"
        }
      ]
    },
    "encoded by": {
      "TOPIC_ID": "P702",
      "FILEPATH": "encoded-by.csv",
      "NUM_COLUMNS": 11,
      "NUM_ROWS": 14,
      "FOREIGN_KEYS": [
        {
          "FOREIGN_KEY": [
            "P703",
            "found in taxon"
          ],
          "REFERENCE_TABLE": "found in taxon"
        },
        {
          "FOREIGN_KEY": [
            "P688",
            "encodes"
          ],
          "REFERENCE_TABLE": "encodes"
        }
      ]
    },
    "found in taxon": {
      "TOPIC_ID": "P703",
      "FILEPATH": "found-in-taxon.csv",
      "NUM_COLUMNS": 8,
      "NUM_ROWS": 14,
      "FOREIGN_KEYS": []
    },
    "encodes": {
      "TOPIC_ID": "P688",
      "FILEPATH": "encodes.csv",
      "NUM_COLUMNS": 10,
      "NUM_ROWS": 14,
      "FOREIGN_KEYS": []
    }
  }
}