label,description,Commons category,instance of,category's main topic,category combines topics,category contains
"['Category:American people', 'Q3919762']",Wikimedia category,People of the United States,"['Wikimedia category', 'Q4167836']","['Americans', 'Q846570']","['United States of America', 'Q30']","['human', 'Q5']"
"['Category:British people', 'Q3919830']",Wikimedia category,People of the United Kingdom,"['Wikimedia category', 'Q4167836']","['British people', 'Q842438']","['United Kingdom', 'Q145']","['human', 'Q5']"
"['Category:People:Japan (people who live or lived in Japan)', 'Q9072262']",Wikimedia category,People of Japan,"['Wikimedia category', 'Q4167836']",,"['Japan', 'Q17']","['human', 'Q5']"
"['Category:French people', 'Q3919837']",Wikimedia category,People of France,"['Wikimedia category', 'Q4167836']","['French', 'Q121842']",,"['human', 'Q5']"
"['Category:Israeli people', 'Q7030723']",Wikimedia category,People of Israel,"['Wikimedia category', 'Q4167836']","['Israelis', 'Q875556']","['Israel', 'Q801']","['human', 'Q5']"
"['Category:South Korean people', 'Q6992917']",Wikimedia category,People of South Korea,"['Wikimedia category', 'Q4167836']","['South Koreans', 'Q61361124']","['South Korea', 'Q884']","['human', 'Q5']"
"['Category:People of Russia', 'Q9076545']",Wikimedia category,People of Russia,"['Wikimedia category', 'Q4167836']","['Russians', 'Q492468']","['Russia', 'Q159']","['human', 'Q5']"
"['Category:Iranian people', 'Q6419496']",Wikimedia category,People of Iran,"['Wikimedia category', 'Q4167836']","['Iranians', 'Q397297']","['Iran', 'Q794']","['human', 'Q5']"
"['Category:Chinese people', 'Q7062091']",Wikimedia category,People of China,"['Wikimedia category', 'Q4167836']","['Chinese people', 'Q6501380']","['China', 'Q29520']","['human', 'Q5']"
"['Category:Norwegian people', 'Q6992836']",Wikimedia category,People of Norway,"['Wikimedia category', 'Q4167836']","['Norwegians', 'Q188779']","['Norway', 'Q20']","['human', 'Q5']"
"['Category:Canadian people', 'Q6994944']",Wikimedia category,People of Canada,"['Wikimedia category', 'Q4167836']","['Canadians', 'Q1196645']","['Canada', 'Q16']","['human', 'Q5']"
"['Category:Danish people', 'Q3919884']",Wikimedia category,People of Denmark,"['Wikimedia category', 'Q4167836']","['Danes', 'Q164714']","['Denmark', 'Q35']","['human', 'Q5']"
"['Category:Dutch people', 'Q3919824']",Wikimedia category,People of the Netherlands,"['Wikimedia category', 'Q4167836']","['Dutch', 'Q200569']",,"['human', 'Q5']"
"['Category:Thai people', 'Q7031648']",Wikimedia category,People of Thailand,"['Wikimedia category', 'Q4167836']",,"['Thailand', 'Q869']","['human', 'Q5']"
"['Category:German people', 'Q3919754']",Wikimedia category,Germans,"['Wikimedia category', 'Q4167836']","['Germans', 'Q42884']","['Germany', 'Q183']","['human', 'Q5']"
"['Category:Indonesian people', 'Q7030718']",Wikimedia category,People of Indonesia,"['Wikimedia category', 'Q4167836']","['Indonesians', 'Q4200853']","['Indonesia', 'Q252']","['human', 'Q5']"
"['Category:Chilean people', 'Q7087819']",Wikimedia category,People of Chile,"['Wikimedia category', 'Q4167836']","['Chileans', 'Q1276073']","['Chile', 'Q298']","['human', 'Q5']"
"['Category:Australian people', 'Q7062016']",Wikimedia category,People of Australia,"['Wikimedia category', 'Q4167836']","['Australians', 'Q1318423']","['Australia', 'Q408']","['human', 'Q5']"
"['Category:Argentine people', 'Q6994151']",Wikimedia category,People of Argentina,"['Wikimedia category', 'Q4167836']","['Argentines', 'Q2365041']","['Argentina', 'Q414']","['human', 'Q5']"
"['Category:People of Bulgaria', 'Q7029948']",Wikimedia category,People of Bulgaria,"['Wikimedia category', 'Q4167836']","['Bulgarians', 'Q111654008']","['Bulgaria', 'Q219']","['human', 'Q5']"
"['Category:Austrian people', 'Q3919802']",Wikimedia category,People of Austria,"['Wikimedia category', 'Q4167836']","['Austrians', 'Q237534']","['Austria', 'Q40']","['human', 'Q5']"
"['Category:Vietnamese people', 'Q7024126']",Wikimedia category,Vietnamese people,"['Wikimedia category', 'Q4167836']","['Vietnamese people', 'Q216151']","['Vietnam', 'Q881']","['human', 'Q5']"
