label,description,instance of,original language of film or TV show,country of origin,publication date,title,duration
"['Toy Story', 'Q171048']",1995 American animated film,"['animated feature film', 'Q29168811']","['English', 'Q1860']","['United States of America', 'Q30']",+1995-11-22T00:00:00Z,Toy Story,+81
"['Toy Story 2', 'Q187266']",1999 American animated film,"['animated feature film', 'Q29168811']","['English', 'Q1860']","['United States of America', 'Q30']",+1999-11-24T00:00:00Z,Toy Story 2,+92
"['Toy Story 3', 'Q187278']",2010 American animated film directed by Lee Unkrich,"['animated feature film', 'Q29168811']","['English', 'Q1860']","['United States of America', 'Q30']",+2010-06-18T00:00:00Z,Toy Story 3,+103
"['Monsters, Inc.', 'Q187726']",2001 animated film directed by Pete Docter,"['animated feature film', 'Q29168811']","['English', 'Q1860']","['United States of America', 'Q30']",+2001-11-02T00:00:00Z,"Monsters, Inc.",+92
"['Monsters University', 'Q641362']",2013 American animated film directed by Dan Scanlon,"['animated feature film', 'Q29168811']","['English', 'Q1860']","['United States of America', 'Q30']",+2013-06-21T00:00:00Z,Monsters University,+104
"['Flushed Away', 'Q752301']",2006 film,"['computer-animated film', 'Q28968258']","['English', 'Q1860']","['United Kingdom', 'Q145']",+2006-11-03T00:00:00Z,Flushed Away,+84
"['Bob the Builder', 'Q888360']",British children's animated television show,"['clay animation film', 'Q18089617']","['English', 'Q1860']","['United Kingdom', 'Q145']",,Bob the Builder,+10
"['Digital Monster X-Evolution', 'Q1195683']",2005 film directed by Hiroyuki Kakudou,"['anime film', 'Q20650540']","['Japanese', 'Q5287']","['Japan', 'Q17']",+2005-01-01T00:00:00Z,,+76
"[""Gerry Anderson's New Captain Scarlet"", 'Q2389359']",action-adventure TV series,"['television series', 'Q5398426']","['English', 'Q1860']","['United Kingdom', 'Q145']",+2005-01-01T00:00:00Z,,
"[""Azur & Asmar: The Princes' Quest"", 'Q2627763']",2006 animated film directed by Michel Ocelot,"['animated feature film', 'Q29168811']","['French', 'Q150']","['France', 'Q142']",+2006-05-00T00:00:00Z,Azur et Asmar,+99
"['Make a wind', 'Q6605126']",2006 film,"['computer-animated film', 'Q28968258']","['Hebrew', 'Q9288']","['Israel', 'Q801']",+2006-00-00T00:00:00Z,עושים רוח,+80
"['Tayo the Little Bus', 'Q7690305']",computer animated series,"['computer-animated television series', 'Q54932319']","['Korean', 'Q9176']","['South Korea', 'Q884']",,Tayo the Little Bus,
"['Finding Dory', 'Q9321426']",2016 animated film directed by Andrew Stanton,"['animated film', 'Q202866']","['English', 'Q1860']","['United States of America', 'Q30']",+2016-06-17T00:00:00Z,Finding Dory,+97
"['Dawn of the Dragon Racers', 'Q23707683']",2014 film,"['computer-animated film', 'Q28968258']","['English', 'Q1860']","['United States of America', 'Q30']",+2014-01-01T00:00:00Z,Dawn of the Dragon Racers,+26
"['The Lion King', 'Q27044293']",2019 film directed by Jon Favreau,"['computer-animated film', 'Q28968258']","['English', 'Q1860']","['United States of America', 'Q30']",+2019-07-17T00:00:00Z,The Lion King,+118
"['Fantasy Patrol', 'Q28667083']",computer-animated film,"['computer-animated film', 'Q28968258']",,"['Russia', 'Q159']",,Сказочный патруль,
"['Lou', 'Q29573231']",2017 film by Dave Mullins,"['animated short film', 'Q17517379']","['English', 'Q1860']","['United States of America', 'Q30']",+2017-06-15T00:00:00Z,Lou,+6
"['Lego Ninjago: Masters of Spinjitzu: Day of the Departed', 'Q31090587']",2016 television special of the television Series Ninjago,"['television film', 'Q506240']","['English', 'Q1860']",,+2016-00-00T00:00:00Z,,+45
"['Star Wars Blips', 'Q47012364']",computer-animated film,"['computer-animated film', 'Q28968258']",,,,,
"['Carevny', 'Q56308269']",animated series computer-animated film directed by Darina Shmidt and Konstantin Bronzit,"['computer-animated film', 'Q28968258']",,"['Russia', 'Q159']",,Царевны,
"['Sooriland', 'Q56357054']",Computer animation,"['computer-animated film', 'Q28968258']",,,,,
"['Onward', 'Q59690895']",2020 computer-animated film directed by Dan Scanlon,"['animated feature film', 'Q29168811']","['English', 'Q1860']","['United States of America', 'Q30']",+2020-03-06T00:00:00Z,Onward,+103
"['On The Path of The Rain', 'Q61063528']",film directed by Hamed Katebi,"['computer-animated film', 'Q28968258']","['Persian', 'Q9168']","['Iran', 'Q794']",+2016-00-00T00:00:00Z,در مسیر باران,+80
"['Ne Zha', 'Q65972529']",2019 Chinese animated fantasy adventure film by Jiaozi,"['animated film', 'Q202866']","['Standard Mandarin', 'Q727694']","[""People's Republic of China"", 'Q148']",+2019-07-26T00:00:00Z,哪吒之魔童降世,+110
"['Cattle Hill', 'Q79283514']",computer-animated film directed by Lise I. Osvoll,"['computer-animated film', 'Q28968258']",,"['Norway', 'Q20']",+2018-10-19T00:00:00Z,KuToppen,+66
"['Trouble', 'Q89400860']",2019 film directed by Kevin Johnson,"['computer-animated film', 'Q28968258']",,"['United States of America', 'Q30']",+2019-01-11T00:00:00Z,Trouble,+87
"['True: Rainbow Rescue', 'Q96508622']",2020 computer-animated short film,"['computer-animated film', 'Q28968258']","['English', 'Q1860']","['Canada', 'Q16']",+2020-00-00T00:00:00Z,True: Rainbow Rescue,
"['PAW Patrol: Mighty Pups', 'Q97750589']",2018 television film directed by Charles E. Bastien,"['television film', 'Q506240']",,"['United States of America', 'Q30']",+2018-00-00T00:00:00Z,PAW Patrol: Mighty Pups,
"['Bob the Builder: Mega Machines', 'Q98111783']",2017 animated film directed by Stuart Evans,"['computer-animated film', 'Q28968258']","['English', 'Q1860']","['United Kingdom', 'Q145']",+2017-05-27T00:00:00Z,Bob The Builder: Mega Machines,
"['Less Than Human', 'Q98131693']",2017 Danish short film from Steffen Bang Lindholm,"['short film', 'Q24862']",,"['Denmark', 'Q35']",+2017-01-01T00:00:00Z,,+6
"['Go! Go! Cory Carson Summer Camp', 'Q98709285']",2020 computer-animated short film,"['short film', 'Q24862']","['English', 'Q1860']","['United States of America', 'Q30']",+2020-08-04T00:00:00Z,Go! Go! Cory Carson Summer Camp,+20
"['Alien Xmas', 'Q102396311']",2020 film directed by Stephen Chiodo,"['computer-animated film', 'Q28968258']","['English', 'Q1860']","['United States of America', 'Q30']",+2020-11-20T00:00:00Z,Alien Xmas,+42
"['Mighty Express: A Mighty Christmas', 'Q103925086']",2020 Christmas special of the television series Mighty Express,"['computer-animated film', 'Q28968258']","['English', 'Q1860']",,+2020-12-05T00:00:00Z,Mighty Express: A Mighty Christmas,
"['A Trash Truck Christmas', 'Q104621755']",2020 animated film directed by Eddie Rosas,"['computer-animated film', 'Q28968258']","['English', 'Q1860']","['United States of America', 'Q30']",+2020-12-11T00:00:00Z,,
"['Secret Magic Control Agency', 'Q104868863']",2021 film directed by Aleksey Tsitsilin,"['computer-animated film', 'Q28968258']","['Russian', 'Q7737']","['Russia', 'Q159']",+2021-03-18T00:00:00Z,Secret Magic Control Agency,+104
"['Barbie & Chelsea: The Lost Birthday', 'Q106518822']",2021 film directed by Cassandra Mackay,"['computer-animated film', 'Q28968258']","['English', 'Q1860']","['United States of America', 'Q30']",+2021-04-16T00:00:00Z,,
"['Felix and the Treasure of Morgäa', 'Q106829520']",2021 film directed by Nicola Lemay,"['computer-animated film', 'Q28968258']",,"['Canada', 'Q16']",+2021-02-26T00:00:00Z,,
"['The Flying Luna Clipper', 'Q108369211']",1987 Japanese computer-animated film,"['computer-animated film', 'Q28968258']",,"['Japan', 'Q17']",+1987-00-00T00:00:00Z,The Flying Luna Clipper,+55
"['The Super Mario Bros. Movie', 'Q108671102']",2023 film,"['computer-animated film', 'Q28968258']","['English', 'Q1860']","['United States of America', 'Q30']",+2023-04-05T00:00:00Z,The Super Mario Bros. Movie,+92
"['Master Ji Gong', 'Q109258097']",2021 film directed by Liu Zhijiang and Qiao Yu,"['computer-animated film', 'Q28968258']",,"[""People's Republic of China"", 'Q148']",+2021-00-00T00:00:00Z,,
"['Sign Me Up!', 'Q111511861']",2018 short by Millie Alexandra,"['animated short film', 'Q17517379']","['English', 'Q1860']","['United Kingdom', 'Q145']",+2018-07-20T00:00:00Z,Sign Me Up!,+2
"['Beware of Bunny', 'Q111550667']",2015 short film by Becky Gill,"['animated short film', 'Q17517379']","['English', 'Q1860']","['United States of America', 'Q30']",+2015-05-20T00:00:00Z,Beware of Bunny,+4
"['Imagine', 'Q111711010']",2020 short by Lava Hijzelaar,"['animated short film', 'Q17517379']","['English', 'Q1860']","['Netherlands', 'Q55']",+2020-10-10T00:00:00Z,Imagine,+4
"['Memories', 'Q111721009']",2019 short by Solal Girardin,"['animated short film', 'Q17517379']","['French', 'Q150']","['France', 'Q142']",+2019-08-10T00:00:00Z,Memories,+2
"['Fossils', 'Q111727359']",2021 short film by Piti Yindee,"['animated short film', 'Q17517379']","['English', 'Q1860']","['Thailand', 'Q869']",+2021-06-03T00:00:00Z,Fossils,+2
"['Fox Tale', 'Q111772239']",2015 short film by Doosun Shin,"['animated short film', 'Q17517379']","['English', 'Q1860']","['United States of America', 'Q30']",+2015-04-27T00:00:00Z,Fox Tale,+2
"['The Blue Bird', 'Q111781774']",2016 short by Christian Huthmacher,"['animated short film', 'Q17517379']","['English', 'Q1860']","['United States of America', 'Q30']",+2016-11-30T00:00:00Z,The Blue Bird,+1
"['Sound Asleep', 'Q111809639']",2021 short by Samuel Mergenthaler,"['animated short film', 'Q17517379']","['English', 'Q1860']","['Germany', 'Q183']",+2021-07-27T00:00:00Z,Sound Asleep,+5
"['Hangudeg', 'Q111810097']",2020 short by Yumna Taqiyyah,"['animated short film', 'Q17517379']","['Indonesian', 'Q9240']","['Indonesia', 'Q252']",+2020-05-19T00:00:00Z,Hangudeg,+4
"['Rim Light', 'Q111810412']",2021 short film directed by Sophia Aguilera,"['animated short film', 'Q17517379']","['Spanish', 'Q1321']","['Chile', 'Q298']",+2021-01-08T00:00:00Z,Rim Light,+2
"['Daft Drunk', 'Q112161808']",2017 short film by Raphael Beyaert,"['animated short film', 'Q17517379']","['English', 'Q1860']","['France', 'Q142']",+2017-06-20T00:00:00Z,Daft Drunk,+1
"['Colourful', 'Q112184639']",2018 short film by Seryung Lee,"['animated short film', 'Q17517379']","['English', 'Q1860']","['Australia', 'Q408']",+2018-12-17T00:00:00Z,Colourful,+6
"['Quack', 'Q112230379']",2014 short film by Sachida Ishige,"['animated short film', 'Q17517379']","['English', 'Q1860']","['Thailand', 'Q869']",+2014-06-13T00:00:00Z,Quack,+5
"['Lost Flower', 'Q112241182']",2012 short film by Adisra Promthep,"['animated short film', 'Q17517379']","['English', 'Q1860']","['Canada', 'Q16']",+2012-04-09T00:00:00Z,Lost Flower,+2
"['Seedling', 'Q112263946']",2011 short film by Lee Tao,"['animated short film', 'Q17517379']","['English', 'Q1860']","['Canada', 'Q16']",+2011-04-26T00:00:00Z,Seedling,+2
"['Blight', 'Q112265233']",2018 short film by Victoria Kociman,"['animated short film', 'Q17517379']","['English', 'Q1860']","['Argentina', 'Q414']",+2018-05-10T00:00:00Z,Blight,+4
"['Bye Bye Birdy', 'Q112272327']",2017 short film by Clement Masson,"['animated short film', 'Q17517379']","['English', 'Q1860']","['France', 'Q142']",+2017-05-06T00:00:00Z,Bye Bye Birdy,+1
"['My Moon', 'Q112275501']",2017 short film by Nikolay Prodanov,"['animated short film', 'Q17517379']","['English', 'Q1860']","['Bulgaria', 'Q219']",+2017-04-11T00:00:00Z,My Moon,+4
"['Steun', 'Q112277321']",2018 short film by Colin Wierenga,"['animated short film', 'Q17517379']","['English', 'Q1860']","['Netherlands', 'Q55']",+2018-01-09T00:00:00Z,Steun,+3
"['Midnight Snack', 'Q112939135']",2014 short film by David Romero,"['animated short film', 'Q17517379']","['English', 'Q1860']","['United States of America', 'Q30']",+2014-05-05T00:00:00Z,Midnight Snack,+5
"['Pine Devil', 'Q112939319']",2016 short film by David Romero,"['animated short film', 'Q17517379']","['English', 'Q1860']","['United States of America', 'Q30']",+2016-04-13T00:00:00Z,Pine Devil,+2
"['Other Lily', 'Q112939654']",2015 short film by David Romero,"['animated short film', 'Q17517379']","['English', 'Q1860']","['United States of America', 'Q30']",+2015-11-06T00:00:00Z,Other Lily,+5
"['No Need to Rush Life', 'Q112943790']",2022 short film by Jona Melvin Grobe,"['animated short film', 'Q17517379']","['English', 'Q1860']","['Austria', 'Q40']",+2022-07-03T00:00:00Z,No Need to Rush Life,+4
"['Wormdog', 'Q112954223']",2019 short film by Simone Kousol Graham,"['animated short film', 'Q17517379']","['English', 'Q1860']","['Canada', 'Q16']",+2019-08-22T00:00:00Z,Wormdog,+2
"['Pandora', 'Q112967608']",2014 short film by Hugh Freeman,"['animated short film', 'Q17517379']","['English', 'Q1860']","['Australia', 'Q408']",+2014-10-31T00:00:00Z,Pandora,+5
"['Butterflies', 'Q112978521']",2018 short film by Abby Boyce,"['animated short film', 'Q17517379']","['English', 'Q1860']","['United States of America', 'Q30']",+2018-05-05T00:00:00Z,Butterflies,+2
"[""The Magician's Cat"", 'Q113114588']",2012 short film directed by Jared Rimos,"['animated short film', 'Q17517379']","['English', 'Q1860']","['United Kingdom', 'Q145']",+2012-06-10T00:00:00Z,The Magician's Cat,+3
"['Urraca', 'Q113114784']",2011 short film by Philip Piaget,"['animated short film', 'Q17517379']","['English', 'Q1860']","['Canada', 'Q16']",+2011-08-20T00:00:00Z,Urraca,+3
"['Nyctophobia', 'Q113129933']",2019 short film by Alaya Knowlton,"['animated short film', 'Q17517379']","['English', 'Q1860']","['United States of America', 'Q30']",+2019-10-12T00:00:00Z,Nyctophobia,+2
"['Flying the Coop', 'Q113291009']",2021 short film directed by Koral Valladolid,"['animated short film', 'Q17517379']","['English', 'Q1860']","['United States of America', 'Q30']",+2021-05-01T00:00:00Z,Flying the Coop,+1
"['Inspiration', 'Q113296962']",2011 short film directed by Jennifer Sandel,"['animated short film', 'Q17517379']","['English', 'Q1860']","['United States of America', 'Q30']",+2011-00-00T00:00:00Z,Inspiration,+3
"['Rupee Run', 'Q113297094']",2016 short film directed by Tarun Lak,"['animated short film', 'Q17517379']","['English', 'Q1860']","['United States of America', 'Q30']",+2016-06-16T00:00:00Z,Rupee Run,+2
"['Dream', 'Q113542408']",2021 short film directed by Hoang Nguyen and Giang Hoang,"['animated short film', 'Q17517379']","['English', 'Q1860']","['Vietnam', 'Q881']",+2021-00-00T00:00:00Z,Dream,+5
"['Mufasa: The Lion King', 'Q114242678']",upcoming 2024 American CGI film,"['film project', 'Q18011172']","['English', 'Q1860']","['United States of America', 'Q30']",+2024-07-05T00:00:00Z,Mufasa: The Lion King,
"['Captain Yajima', 'Q115227544']",animation,"['computer-animated film', 'Q28968258']",,,+2021-04-30T00:00:00Z,CAPTAIN YAJIMA,
"['Cannapaceus', 'Q115918838']","work of art by mfx, 2008","['work of art', 'Q838948']",,,,,+7.866666666666667
