label,description,country of citizenship,occupation,Commons category,Library of Congress authority ID,VIAF ID,GND ID,ISNI,position held,date of birth,topic's main category,instance of,Freebase ID,spouse,"languages spoken, written or signed",name in native language,father,signature,sex or gender,Munzinger person ID,WorldCat Identities ID,given name,image,place of birth,educated at,religion or worldview,OpenSanctions ID
"['Joe Biden', 'Q6279']",president of the United States since 2021,"['United States of America', 'Q30']","['politician', 'Q82955']",Joe Biden,n80016125,55438660,124301649,0000 0001 1444 6482,"['President of the United States', 'Q11696']",+1942-11-20T00:00:00Z,"['Category:Joe Biden', 'Q8567172']","['human', 'Q5']",/m/012gx2,"['Neilia Hunter', 'Q19285477']","['English', 'Q1860']",Joseph Robinette Biden Jr.,"['Joseph R. Biden Sr.', 'Q20177093']",Joe Biden Signature.svg,"['male', 'Q6581097']",00000023818,lccn-n80016125,"['Joe', 'Q17862013']",Joe Biden presidential portrait.jpg,"[""St. Mary's Hospital"", 'Q100276507']","['Syracuse University', 'Q617433']","['Catholicism', 'Q1841']",Q6279
"['Charles III', 'Q43274']",King of the United Kingdom since 2022,"['United Kingdom', 'Q145']","['writer', 'Q36180']",Charles III of the United Kingdom,n78089005,84034215,118520180,0000 0001 2137 9521,"['monarch of the United Kingdom', 'Q9134365']",+1948-11-14T00:00:00Z,"['Category:Charles III', 'Q8356677']","['human', 'Q5']",/m/0xnc3,"['Queen Camilla of the United Kingdom', 'Q152239']","['English', 'Q1860']","Charles III, King of the United Kingdom","['Prince Philip, Duke of Edinburgh', 'Q80976']",Charles III Signature.svg,"['male', 'Q6581097']",00000002285,lccn-n78089005,"['Charles', 'Q2958359']",Prince Charles in Aotearoa (cropped).jpg,"['Buckingham Palace', 'Q42182']","['Aberystwyth University', 'Q319761']","['Church of England', 'Q82708']",
"['Naruhito', 'Q217096']",Emperor of Japan since 2019,"['Japan', 'Q17']","['monarch', 'Q116']",Emperor Naruhito,n82121881,33149676,132078481,0000 0000 7876 9371,"['Emperor of Japan', 'Q208233']",+1960-02-23T00:00:00Z,"['Category:Emperor Naruhito', 'Q111757087']","['human', 'Q5']",/m/01ndxw,"['Empress Masako', 'Q230433']","['Japanese', 'Q5287']",徳仁,"['Akihito', 'Q37979']",ReiwaShinsho.svg,"['male', 'Q6581097']",00000020810,lccn-n82121881,"['Naruhito', 'Q6966436']",Emperor Naruhito and Empress Masako (cropped).jpg,"['Hospital of the Imperial Household', 'Q11453310']","['Gakushūin', 'Q1061900']","['Shinto', 'Q812767']",Q217096
"['Emmanuel Macron', 'Q3052772']",President of France since 2017,"['France', 'Q142']","['investment banker', 'Q2883465']",Emmanuel Macron,no2016079396,310657401,1089164025,0000 0004 3693 4614,"['President of the French Republic', 'Q191954']",+1977-12-21T00:00:00Z,"['Category:Emmanuel Macron', 'Q29870144']","['human', 'Q5']",/m/011ncr8c,"['Brigitte Macron', 'Q21511883']","['French', 'Q150']",Emmanuel Macron,"['Jean-Michel Macron', 'Q28838206']",Emmanuel Macron signature.svg,"['male', 'Q6581097']",00000030108,lccn-no2016079396,"['Emmanuel', 'Q18001873']",Emmanuel Macron June 2022 (cropped).jpg,"['Amiens', 'Q41604']","[""École nationale d'administration"", 'Q273579']","['agnosticism', 'Q288928']",Q3052772
"['Isaac Herzog', 'Q983258']",Israeli politician (born 1960),"['Israel', 'Q801']","['politician', 'Q82955']",Isaac Herzog,nr2004014209,100328159,,0000 0000 8169 7516,"['President of Israel', 'Q327948']",+1960-09-22T00:00:00Z,,"['human', 'Q5']",/m/0cf7z6,"['Michal Herzog', 'Q107074723']","['English', 'Q1860']",יצחק הרצוג,"['Chaim Herzog', 'Q295141']",,"['male', 'Q6581097']",00000030125,lccn-nr2004014209,"['Yitzhak', 'Q3572309']","Isaac Herzog, July 2021 (D1233-049).JPG","['Pardes Hanna-Karkur', 'Q2475182']","['Tel Aviv University', 'Q319239']","['Judaism', 'Q9268']",Q983258
"['Yoon Suk-yeol', 'Q16090635']","South Korean politician, 13th President of South Korea","['South Korea', 'Q884']","['prosecutor', 'Q600751']",Yoon Suk-yeol,n2021047530,984162669634555500009,1257912941,0000 0004 7958 0297,"['Prosecutor General of South Korea', 'Q30521859']",+1960-12-18T00:00:00Z,"['Category:Yoon Suk-yeol', 'Q83276706']","['human', 'Q5']",,"['Kim Keon-hee', 'Q107805133']","['Korean', 'Q9176']",윤석열,"['Yoon Ki-jung', 'Q111175072']",Yoon Suk-yeol Signature.svg,"['male', 'Q6581097']",,,"['Seok-yeol', 'Q69513139']",South Korea President Yoon Suk Yeol portrait.jpg,"['Seodaemun District', 'Q50408']","['Chung-am High School', 'Q12620156']","['Catholic Church', 'Q9592']",Q16090635
"['Vladimir Putin', 'Q7747']","President of Russian Federation (1999–2008, 2012–present)","['Russia', 'Q159']","['politician', 'Q82955']",Vladimir Putin,n00093163,125145970358732252841,122188926,0000 0001 2130 7085,"['President of Russia', 'Q218295']",+1952-10-07T00:00:00Z,"['Category:Vladimir Putin', 'Q7217625']","['human', 'Q5']",/m/08193,"['Lyudmila Putina', 'Q233282']","['Russian', 'Q7737']",Владимир Владимирович Путин,"['Vladimir Spiridonovich Putin', 'Q19300851']",Putin signature.svg,"['male', 'Q6581097']",00000023044,lccn-n00093163,"['Vladimir', 'Q2253934']",Vladimir Putin 17-11-2021 (cropped).jpg,"['Saint Petersburg', 'Q656']","['FSB Academy', 'Q2387574']","['Eastern Orthodoxy', 'Q3333484']",Q7747
"['Ali Khamenei', 'Q57336']",Supreme Leader of Iran since 1989,"['Pahlavi Iran', 'Q107258515']","['head of state', 'Q48352']",Ali Khamenei,n87935094,79181869,119247143,0000 0001 2018 3893,"['Supreme Leader of Iran', 'Q332486']",+1939-04-19T00:00:00Z,"['Category:Ali Khamenei', 'Q13399171']","['human', 'Q5']",/m/0224jr,"['Khojaste Bagherzadeh', 'Q16074458']","['Persian', 'Q9168']",سید علی حسینی خامنه‌ای,"['Seyed Javad Khamenei', 'Q16053506']",Khamenei signature.png,"['male', 'Q6581097']",00000016447,lccn-n87935094,"['Ali', 'Q11905003']",Ali Khamenei crop.jpg,"['Mashhad', 'Q121157']","['Qom Seminary', 'Q4119319']","['Shia Islam', 'Q9585']",Q57336
"['Xi Jinping', 'Q15031']",General Secretary of the Chinese Communist Party,"[""People's Republic of China"", 'Q148']","['statesperson', 'Q372436']",Xi Jinping,nr93050857,41718208,171899148,0000 0000 6415 0156,"['General Secretary of the Chinese Communist Party', 'Q849418']",+1953-06-15T00:00:00Z,"['Category:Xi Jinping', 'Q18147141']","['human', 'Q5']",/m/06ff60,"['Peng Liyuan', 'Q430911']","['Mandarin Chinese', 'Q9192']",习近平,"['Xi Zhongxun', 'Q301282']",Xi Jinping Signature.svg,"['male', 'Q6581097']",00000026751,lccn-nr93050857,"['Jinping', 'Q93985155']",Xi Jinping 2019 (49060546152) 2.jpg,"['Beijing', 'Q956']","['Tsinghua University', 'Q16955']",,Q15031
"['Harald V of Norway', 'Q57287']",King of Norway,"['Norway', 'Q20']","['monarch', 'Q116']",Harald V of Norway,n87904814,51672816,118901222,0000 0000 7860 4067,"['Monarch of Norway', 'Q1294765']",+1937-02-21T00:00:00Z,"['Category:Harald V of Norway', 'Q32102029']","['human', 'Q5']",/m/0hh9r,"['Queen Sonja of Norway', 'Q131045']","['Norwegian', 'Q9043']",Harald V,"['Olav V of Norway', 'Q154912']",Harald R.jpg,"['male', 'Q6581097']",00000008065,lccn-n87904814,"['Harald', 'Q1530266']",King Harald V of Norway Trondheim2010- 1.jpg,"['Skaugum', 'Q2095725']","['University of Oslo', 'Q486156']","['Church of Norway', 'Q666860']",Q57287
"['Margrethe II of Denmark', 'Q102139']",Queen of Denmark,"['Kingdom of Denmark', 'Q756617']","['monarch', 'Q116']",Margrethe II of Denmark,n80034290,49263415,118975919,0000 0001 2131 9588,"['monarch of Denmark', 'Q18341329']",+1940-04-16T00:00:00Z,"['Category:Margrethe II of Denmark', 'Q31967056']","['human', 'Q5']",/m/0g2kv,"['Henrik, Prince Consort of Denmark', 'Q1389258']","['Danish', 'Q9035']",Margrethe II,"['Frederick IX of Denmark', 'Q151312']",Margrethe II - signature.svg,"['female', 'Q6581072']",00000005367,lccn-n80034290,"['Margrethe', 'Q17458337']",Drottning Margrethe av Danmark.jpg,"['Amalienborg', 'Q211053']","['University of Cambridge', 'Q35794']","['Church of Denmark', 'Q855585']",
"['Willem-Alexander of the Netherlands', 'Q154952']",King of the Netherlands,"['Kingdom of the Netherlands', 'Q29999']","['monarch', 'Q116']",Willem-Alexander of the Netherlands,n85152174,78770708,119142597,0000 0001 0784 1986,"['King of the Netherlands', 'Q2045066']",+1967-04-27T00:00:00Z,"['Category:Willem-Alexander of the Netherlands', 'Q31964525']","['human', 'Q5']",/m/0pkr_,"['Queen Máxima of the Netherlands', 'Q460960']","['Dutch', 'Q7411']",Willem-Alexander,"['Prince Claus of the Netherlands', 'Q159609']",Handtekening Willem-Alexander.svg,"['male', 'Q6581097']",00000018701,lccn-n85152174,"['Alexander', 'Q923']",Zijne Majesteit Koning Willem-Alexander met koningsmantel april 2013 (cropped).jpeg,"['University Medical Center Utrecht', 'Q2456800']","['Leiden University', 'Q156598']","['Dutch Reformed Church', 'Q515880']",Q154952
"['Vajiralongkorn', 'Q548733']",King of Thailand,"['Thailand', 'Q869']","['monarch', 'Q116']",Vajiralongkorn,n85373045,70393608,1161757422,0000 0000 2562 0389,"['King of Thailand', 'Q27330121']",+1952-07-28T00:00:00Z,"['Category:Vajiralongkorn', 'Q16307017']","['human', 'Q5']",/m/03j4wy,"['Queen Suthida', 'Q18744506']","['Thai', 'Q9217']",มหาวชิราลงกรณ,"['Bhumibol Adulyadej', 'Q855252']",Vajiralongkorn Signature.svg,"['male', 'Q6581097']",00000019731,lccn-n85373045,,King Rama X official (crop).png,"['Amphorn Sathan Residential Hall', 'Q13017389']","['Millfield', 'Q15253416']","['Buddhism', 'Q748']",
"['Frank-Walter Steinmeier', 'Q76658']",president of Germany,"['Germany', 'Q183']","['politician', 'Q82955']",Frank-Walter Steinmeier,n96082936,84241123,113572026,0000 0000 7856 9134,"['president of Germany', 'Q25223']",+1956-01-05T00:00:00Z,"['Category:Frank-Walter Steinmeier', 'Q31946866']","['human', 'Q5']",/m/089zlv,"['Elke Büdenbender', 'Q27865569']","['German', 'Q188']",Frank-Walter Steinmeier,,Signature Frank-Walter Steinmeier.svg,"['male', 'Q6581097']",00000022788,lccn-n96082936,"['Frank-Walter', 'Q19688421']",Frank-Walter Steinmeier - 2018 (cropped) 2.jpg,"['Detmold', 'Q3922']","['University of Giessen', 'Q317053']","['Evangelical Church in Berlin, Brandenburg and Silesian Upper Lusatia', 'Q524096']",Q76658
"['Joko Widodo', 'Q3318231']",7th President of Indonesia since 2014,"['Indonesia', 'Q252']","['politician', 'Q82955']",Joko Widodo,n2011203788,250779999,1069359149,0000 0003 7126 0611,"['President of Indonesia', 'Q11755916']",+1961-06-21T00:00:00Z,"['Category:Joko Widodo', 'Q18328169']","['human', 'Q5']",/m/0dsc093,"['Iriana', 'Q17410605']","['Indonesian', 'Q9240']",Joko Widodo,"['Widjiatno Notomihardjo', 'Q89912830']",Signature of Joko Widodo.svg,"['male', 'Q6581097']",00000029991,lccn-n2011203788,"['Joko', 'Q56045677']",Joko Widodo 2019 official portrait.jpg,"['Surakarta', 'Q4803']","['State Senior High School 6 Surakarta', 'Q19739360']","['Islam', 'Q432']",Q3318231
"['Gabriel Boric', 'Q16297876']",President of Chile,"['Chile', 'Q298']","['politician', 'Q82955']",Gabriel Boric,no2022094733,15163510578210932978,1248065913,,"['President of Chile', 'Q466956']",+1986-02-11T00:00:00Z,,"['human', 'Q5']",,,"['Spanish', 'Q1321']",Gabriel Boric Font,"['Luis Javier Boric Scarpa', 'Q110417555']",Firma de Gabriel Boric Font.svg,"['male', 'Q6581097']",,,"['Gabriel', 'Q4925914']",Retrato Oficial Presidente Boric Font.jpg,"['Punta Arenas', 'Q51599']","['The British School', 'Q16639390']","['agnosticism', 'Q288928']",Q16297876
"['Alberto Fernández', 'Q2642828']",President of Argentina,"['Argentina', 'Q414']","['politician', 'Q82955']",Alberto Ángel Fernández,n86070454,9881539,,0000 0000 2415 4734,"['Chief of the Cabinet of Ministers of Argentina', 'Q2602792']",+1959-04-02T00:00:00Z,"['Category:Alberto Angel Fernández', 'Q114003405']","['human', 'Q5']",/m/02kj0_,,"['Spanish', 'Q1321']",Alberto Fernández,,Firma de Alberto Fernández.svg,"['male', 'Q6581097']",00000031874,lccn-n86070454,"['Alberto', 'Q16799105']",Alberto fernandez presidente (cropped).jpg,"['Buenos Aires', 'Q1486']","['University of Buenos Aires', 'Q194223']",,Q2642828
"['Rumen Radev', 'Q26257557']",President of Bulgaria,"['Bulgaria', 'Q219']","['politician', 'Q82955']",Rumen Radev,n2017067882,683148753720141320008,1125413557,0000 0004 9797 0109,"['President of Bulgaria', 'Q14946265']",+1963-06-18T00:00:00Z,,"['human', 'Q5']",,"['Desislava Radeva', 'Q38222457']","['Bulgarian', 'Q7918']",Румен Георгиев Радев,,,"['male', 'Q6581097']",00000030938,lccn-n2017067882,"['Rumen', 'Q19968338']",Rumen Radev official portrait.jpg,"['Dimitrovgrad', 'Q331048']","['Georgi Rakovski Military Academy', 'Q3622831']",,Q26257557
"['Alexander Van der Bellen', 'Q78869']",President of Austria,"['Austria', 'Q40']","['politician', 'Q82955']",Alexander Van der Bellen,no93034230,84254539,123275075,0000 0000 7866 4115,"['President of Austria', 'Q475658']",+1944-01-18T00:00:00Z,"['Category:Alexander Van der Bellen', 'Q55324964']","['human', 'Q5']",/m/05ns0s,"['Doris Schmidauer', 'Q24207527']","['German', 'Q188']",Alexander Van der Bellen,"['Alexander Van der Bellen', 'Q24207185']",Unterschrift Alexander Van der Bellen (2017).png,"['male', 'Q6581097']",00000022434,lccn-no93034230,"['Alexander', 'Q923']",Alexander Van der Bellen (13-07-2021) (cropped).jpg,"['Vienna', 'Q1741']","['Akademisches Gymnasium Innsbruck', 'Q414944']","['Lutheranism', 'Q75809']",Q78869
"['Nguyễn Xuân Phúc', 'Q10800073']",former President of Vietnam,"['Vietnam', 'Q881']","['politician', 'Q82955']",Nguyễn Xuân Phúc,,,,,"['member of the National Assembly of Vietnam', 'Q10841192']",+1954-07-20T00:00:00Z,,"['human', 'Q5']",/m/0k2l_t0,"['Tran Thi Nguyet Thu', 'Q99297852']","['Vietnamese', 'Q9199']",Nguyễn Xuân Phúc,,,"['male', 'Q6581097']",00000032504,,"['Phúc', 'Q112611208']",Nguyen Xuan Phuc 2022.jpg,"['Quế Sơn', 'Q2193420']","['National Economics University', 'Q6972380']",,Q10800073
