label,description,instance of,country,Commons category,Freebase ID,applies to jurisdiction,topic's main category,inception,female form of label,official website,officeholder,subclass of
"['President of the United States', 'Q11696']",head of state and head of government of the United States of America,"['elective office', 'Q17279032']","['United States of America', 'Q30']",Presidents of the United States,/m/060d2,"['United States of America', 'Q30']","['Category:Presidents of the United States', 'Q7130129']",+1787-04-30T00:00:00Z,presidenta de Estados Unidos,https://www.whitehouse.gov/administration/president-biden/,"['Joe Biden', 'Q6279']","['president', 'Q30461']"
"['monarch of the United Kingdom', 'Q9134365']",king or queen of the United Kingdom and its overseas territories since 1927,"['public office', 'Q294414']","['United Kingdom', 'Q145']",Monarchs of the United Kingdom,/m/0cp2_,"['United Kingdom', 'Q145']","['Category:Monarchs of the United Kingdom', 'Q6587730']",+1927-04-12T00:00:00Z,Königin des Vereinigten Königreichs,http://www.royal.gov.uk/,"['Charles III', 'Q43274']","['monarch', 'Q116']"
"['Emperor of Japan', 'Q208233']",head of state of Japan,"['hereditary title', 'Q5737899']","['Japan', 'Q17']",Emperors of Japan,/m/02rb6,"['Japan', 'Q17']","['Category:Japanese emperors', 'Q6162763']",,impératrice du Japon,http://www.kunaicho.go.jp/eindex.html,"['Naruhito', 'Q217096']","['emperor', 'Q39018']"
"['President of the French Republic', 'Q191954']",head of state of France,"['position', 'Q4164871']","['France', 'Q142']",Presidents of France,/m/0672x,"['France', 'Q142']","['Category:Presidents of France', 'Q7130099']",,президентка Франції,https://www.elysee.fr/,"['Emmanuel Macron', 'Q3052772']","['president', 'Q30461']"
"['President of Israel', 'Q327948']",head of state of Israel,"['public office', 'Q294414']","['Israel', 'Q801']",Presidents of Israel,/m/013zfq,"['Israel', 'Q801']","['Category:Presidents of Israel', 'Q9084621']",+1949-02-16T00:00:00Z,prezidentka Izraele,http://www.president.gov.il/English/Pages/english.aspx,"['Isaac Herzog', 'Q983258']","['president', 'Q30461']"
"['President of South Korea', 'Q6296418']",head of state and of government of the Republic of Korea,"['public office', 'Q294414']","['South Korea', 'Q884']",Presidents of South Korea,/m/0p8d0,"['South Korea', 'Q884']","['Category:Presidents of South Korea', 'Q7235753']",+1948-07-24T00:00:00Z,presidenta de Corea del Sur,http://www.president.go.kr/,"['Yoon Suk-yeol', 'Q16090635']","['President of the Republic', 'Q248577']"
"['President of Russia', 'Q218295']",head of state of the RSFSR (office established in 1991) and Russia,"['position', 'Q4164871']","['Russia', 'Q159']",Presidents of Russia,/m/01jrl6,"['Russia', 'Q159']","['Category:Presidents of Russia', 'Q8134562']",+1991-06-12T00:00:00Z,presidenta de Rusia,http://kremlin.ru/,"['Vladimir Putin', 'Q7747']","['president', 'Q30461']"
"['Supreme Leader of Iran', 'Q332486']",Iranian Head of State,"['position', 'Q4164871']","['Iran', 'Q794']",Supreme Leaders of Iran,/m/025qg4,,"['Category:Supreme Leaders of Iran', 'Q8826224']",+1979-12-03T00:00:00Z,,http://leader.ir/langs/en,"['Ali Khamenei', 'Q57336']","['supreme leader', 'Q7645115']"
"[""President of the People's Republic of China"", 'Q655407']",Ceremonial head of state of China,"['position', 'Q4164871']","[""People's Republic of China"", 'Q148']",Presidents of the People's Republic of China,/m/012s_1,"[""People's Republic of China"", 'Q148']","[""Category:Presidents of the People's Republic of China"", 'Q5871030']",+1954-09-27T00:00:00Z,presidenta de la República Popular de la Xina,http://english.gov.cn/2013-03/14/content_2353971.htm,"['Xi Jinping', 'Q15031']","['President of the Republic', 'Q248577']"
"['Monarch of Norway', 'Q1294765']",head of state of Norway,"['hereditary position', 'Q42045197']","['Norway', 'Q20']",Norwegian monarchy,/m/0bm2bp,"['Norway', 'Q20']","['Category:Norwegian monarchy', 'Q9043728']",+0872-00-00T00:00:00Z,norská královna,https://www.kongehuset.no/,"['Harald V of Norway', 'Q57287']","['monarch', 'Q116']"
"['monarch of Canada', 'Q14931511']","Canada's head of state, a king or queen","['hereditary position', 'Q42045197']","['Canada', 'Q16']",,,"['Canada', 'Q16']",,,Queen of Canada,,"['Charles III', 'Q43274']","['monarch', 'Q116']"
"['monarch of Denmark', 'Q18341329']",monarchical head of state of the Kingdom of Denmark,"['noble title', 'Q355567']","['Denmark', 'Q35']",Monarchs of Denmark,,"['Kingdom of Denmark', 'Q756617']",,+0935-00-00T00:00:00Z,Königin Dänemarks,,"['Margrethe II of Denmark', 'Q102139']","['monarch', 'Q116']"
"['King of the Netherlands', 'Q2045066']",king (male or female) of the Kingdom of the Netherlands (1815-present),"['hereditary position', 'Q42045197']","['Kingdom of the Netherlands', 'Q29999']",,,"['Kingdom of the Netherlands', 'Q29999']","['Category:Kings of the Netherlands', 'Q6310443']",+1815-03-16T00:00:00Z,reina dels Països Baixos,,"['Willem-Alexander of the Netherlands', 'Q154952']","['head of state', 'Q48352']"
"['King of Thailand', 'Q27330121']",,"['title', 'Q216353']","['Thailand', 'Q869']",,,"['Thailand', 'Q869']","['Category:Thai monarchs', 'Q7006535']",,ملكة تايلاند,,,"['monarch', 'Q116']"
"['president of Germany', 'Q25223']",head of state of Germany,"['public office', 'Q294414']","['Germany', 'Q183']",Presidents of Germany,/m/0gg1y,"['Germany', 'Q183']","['Category:Presidents of Germany', 'Q8791038']",+1949-05-24T00:00:00Z,Bundespräsidentin,http://www.bundespraesident.de/,"['Frank-Walter Steinmeier', 'Q76658']","['President of the Republic', 'Q248577']"
"['President of Indonesia', 'Q11755916']",head of state and government of the Republic of Indonesia,"['public office', 'Q294414']","['Indonesia', 'Q252']",Presidents of Indonesia,/m/02pzqlz,"['Indonesia', 'Q252']","['Category:Presidents of Indonesia', 'Q7235750']",+1945-08-18T00:00:00Z,Presidenta d'Indonèsia,https://www.presidenri.go.id/,"['Joko Widodo', 'Q3318231']","['president', 'Q30461']"
"['President of Chile', 'Q466956']",Head of State and Government of Chile,"['public office', 'Q294414']","['Chile', 'Q298']",Presidents of Chile,/m/0hqlf,"['Chile', 'Q298']","['Category:Presidents of Chile', 'Q9084558']",+1826-07-09T00:00:00Z,Presidenta de Chile,https://boricpresidente.cl/,"['Gabriel Boric', 'Q16297876']","['head of government', 'Q2285706']"
"['monarch of Australia', 'Q14931512']",Australia's sovereign; a king or queen,"['position', 'Q4164871']","['Australia', 'Q408']",Monarchs of Australia,,"['Australia', 'Q408']",,,reina de Australia,,"['Charles III', 'Q43274']","['monarch', 'Q116']"
"['President of Argentina', 'Q12969145']",head of state and government of Argentina,"['public office', 'Q294414']","['Argentina', 'Q414']",Presidents of Argentina,/m/01hdfs,"['Argentina', 'Q414']","['Category:Presidents of Argentina', 'Q7239195']",+1826-00-00T00:00:00Z,presidenta de Argentina,https://www.argentina.gob.ar/presidencia,"['Alberto Fernández', 'Q2642828']","['President of the Republic', 'Q248577']"
"['President of Bulgaria', 'Q14946265']",Bulgarian president,"['position', 'Q4164871']","['Bulgaria', 'Q219']",Presidents of Bulgaria,/m/012z31w1,"['Bulgaria', 'Q219']",,+1990-04-03T00:00:00Z,prezidentka Bulharska,http://www.president.bg/,"['Rumen Radev', 'Q26257557']","['President of the Republic', 'Q248577']"
"['President of Austria', 'Q475658']",head of state of Austria,"['public office', 'Q294414']","['Austria', 'Q40']",Presidents of Austria,/m/01fzsv,"['Austria', 'Q40']","['Category:Presidents of Austria', 'Q8914439']",+1920-11-10T00:00:00Z,prezidentka Rakouska,http://www.bundespraesident.at/,"['Alexander Van der Bellen', 'Q78869']","['President of the Republic', 'Q248577']"
"['President of Vietnam', 'Q866680']",De jure Head of State of Vietnam,"['elective office', 'Q17279032']","['Vietnam', 'Q881']",Presidents of Vietnam,/m/02cyh7,"['Vietnam', 'Q881']","['Category:Presidents of Vietnam', 'Q6372963']",+1945-09-02T00:00:00Z,presidenta de Vietnam,http://vpctn.gov.vn/Pages/trangchu.aspx,"['Đặng Thị Ngọc Thịnh', 'Q10841571']","['President of the Republic', 'Q248577']"
