label,description,Great Russian Encyclopedia Online ID,Glottolog code,Art & Architecture Thesaurus ID,ISO 639-2 code,topic's main category,NDL Authority ID,Bibliothèque nationale de France ID,distribution map,GND ID,on focus list of Wikimedia project,UNESCO language status,linguistic typology,UNESCO Thesaurus ID,Library of Congress authority ID,IETF language tag,Encyclopædia Britannica Online ID,category for films in this language,ISO 639-3 code,Quora topic ID,native label,ISO 639-1 code,WALS lect code,Commons category,GOST 7.75–97 code,instance of,short name,writing system,indigenous to,Ethnologue language status,Freebase ID,subclass of,Wikimedia language code,described by source,IAB code,ABS ASCL 2011 code,BNCF Thesaurus ID,Ethnologue.com language code,LoC and MARC vocabularies ID,country,studied by,Australian Educational Vocabulary ID,OmegaWiki Defined Meaning,exact match,related category,YSO ID,KBpedia ID,POSIX locale identifier,GitHub topic,National Library of Israel J9U ID,OpenAlex ID,Lingua Libre ID,"number of speakers, writers, or signers",Encyclopedia of China (Third Edition) ID,NKCR AUT ID,image,WordNet 3.1 Synset ID,Online PWN Encyclopedia ID,UK Archival Thesaurus ID,EU Knowledge Graph item ID,language regulatory body,page banner
"['English', 'Q1860']",West Germanic language,1821310,stan1293,300388277,eng,"['Category:English language', 'Q7923975']",00561788,119308987,Anglospeak (subnational version).svg,4014777-0,"['Wikipedia:List of articles all languages should have', 'Q5460604']","['1 safe', 'Q20672086']","['subject–verb–object', 'Q651641']",concept2371,sh85043413,en,topic/English-language,"['Category:English-language films', 'Q6840573']",eng,English-language,English,en,eng,English language,анг 045,"['natural language', 'Q33742']",английский,"['English alphabet', 'Q754673']","['England', 'Q21']","['1 National', 'Q29051546']",/m/02h40lc,"['Anglic', 'Q1346342']",en,"['Great Soviet Encyclopedia (1926–1947)', 'Q20078554']",1068,1201,6546,eng,languages/eng,"['American Samoa', 'Q16641']","['English studies', 'Q27968']",scot/305,5685,https://publications.europa.eu/resource/authority/language/ENG,"['Category:English pronunciation', 'Q84969419']",2573,EnglishLanguage,en,english-language,987007545879205171,C3017914614,Q22,+753359540,27849,ph114056,Webster Orthography 1828 (4-14).jpg,06959794-n,3869480,f3/mt335/1703/2760/2058,Q101,,
"['Japanese', 'Q5287']",language spoken in East Asia,4919813,nucl1643,300388486,jpn,"['Category:Japanese language', 'Q7142634']",00568376,11932171r,Japanese dialects-en.png,4114069-2,"['Wikipedia:List of articles all languages should have', 'Q5460604']","['1 safe', 'Q20672086']","['subject–object–verb', 'Q539808']",concept10458,sh85069643,ja,topic/Japanese-language,"['Category:Japanese-language films', 'Q6840900']",jpn,Japanese-language,日本語,ja,jpn,Japanese language,япо 870,"['language', 'Q34770']",японский,"['kanji', 'Q82772']","['Japan', 'Q17']","['1 National', 'Q29051546']",/m/03_9r,"['Japonic', 'Q33612']",ja,"['Brockhaus and Efron Encyclopedic Dictionary', 'Q602358']",1105,72,70,jpn,languages/jpn,"['Japan', 'Q17']","['Japanese linguistics', 'Q11509142']",scot/7250,6220,http://publications.europa.eu/resource/authority/language/JPN,"['Category:Japanese pronunciation', 'Q84969513']",19175,JapaneseLanguage,ja,japanese,987007531546705171,C2988323515,Q389,+128000000,27953,ph121307,Nihongo.svg,06942056-n,3916950,f3/mt335/966/6071/3719,Q3513,"['Kokugo Shingikai', 'Q11421375']",Mount Fuji banner Fuji and cherry blossoms.png
"['French', 'Q150']",Romance language,4722800,stan1290,300388306,fre,"['Category:French language', 'Q8473815']",00563732,11935375d,Detailed SVG map of the Francophone world.svg,4113615-9,"['Wikipedia:List of articles all languages should have', 'Q5460604']","['1 safe', 'Q20672086']","['subject–verb–object', 'Q651641']",concept11179,sh85051829,fr,topic/French-language,"['Category:French-language films', 'Q7523492']",fra,French-language,français,fr,fre,French language,фра 745,"['modern language', 'Q1288568']",французский,"['Latin script', 'Q8229']","['Brussels-Capital Region', 'Q240']","['0 International', 'Q29051543']",/m/064_8sq,"['Southern European languages', 'Q85380120']",fr,"['Brockhaus and Efron Encyclopedic Dictionary', 'Q602358']",1078,2101,6544,fra,languages/fre,"['France', 'Q142']","['French studies', 'Q1450761']",scot/6407,5687,http://publications.europa.eu/resource/authority/language/FRA,"['Category:French pronunciation', 'Q84969454']",10325,FrenchLanguage,fr,french,987007550641805171,C48580701,Q21,+208157220,27862,ph135297,JO199411392.png,06977643-n,3902506,f3/mt335/1703/1670/13021,Q98,"['Académie Française', 'Q161806']",French phrasebook banner Sign in Geneva.jpg
"['Hebrew', 'Q9288']",Northwest Semitic language,1999370,hebr1246,300388401,heb,"['Category:Hebrew language', 'Q6423150']",00563057,11932008q,Idioma hebreo.PNG,4023922-6,"['Wikipedia:List of articles all languages should have', 'Q5460604']","['1 safe', 'Q20672086']","['subject–verb–object', 'Q651641']",concept11795,sh85059867,he,topic/Hebrew-language,"['Category:Hebrew-language films', 'Q8568257']",heb,Hebrew-language,עברית,he,heb,Hebrew language,ивр 198,"['language', 'Q34770']",ivritcə,"['Hebrew alphabet', 'Q33513']","['Israelites', 'Q51669']","['1 National', 'Q29051546']",/m/03hkp,"['Canaanite', 'Q747547']",he,"['Dictionary of Biblical Criticism and Interpretation (2007 ed.)', 'Q21065550']",1087,4204,7045,heb,languages/heb,"['Israel', 'Q801']","['study of the Hebrew language', 'Q739465']",scot/6820,6123,http://publications.europa.eu/resource/authority/language/HEB,"['Category:Hebrew pronunciation', 'Q9453458']",10450,IsraeliHebrewLanguage,he,,987007555654405171,C91304198,Q397,+9303950,79614,ph120658,Temple Scroll.png,06999784-n,3910588,f3/mt335/5521/2672,Q4321,"['Academy of the Hebrew Language', 'Q190400']",Sabra Wikivoyage banner.jpg
"['Korean', 'Q9176']",language spoken in Korean Peninsula and some part of North-eastern China,2096404,kore1280,300388633,kor,"['Category:Korean language', 'Q6434832']",00573711,11939935s,Map of Korean language.png,4131502-9,"['Wikipedia:List of articles all languages should have', 'Q5460604']","['1 safe', 'Q20672086']","['subject–object–verb', 'Q539808']",concept6631,sh85073088,ko,topic/Korean-language,"['Category:Korean-language films', 'Q6335007']",kor,Korean-language-1,한국어,ko,kor,Korean language,коо 330,"['language', 'Q34770']",корейська,"['Hangul', 'Q8222']","['North Korea', 'Q423']","['1 National', 'Q29051546']",/m/02hwhyv,"['Koreanic', 'Q11263525']",ko,"['Armenian Soviet Encyclopedia', 'Q2657718']",1115,7301,50,kor,languages/kor,"['South Korea', 'Q884']","['Korean studies', 'Q714838']",scot/7368,6222,http://publications.europa.eu/resource/authority/language/KOR,"['Category:Korean pronunciation', 'Q84969612']",19675,KoreanLanguage,ko,korean,987007548490105171,C2994326100,Q207,+77300000,,ph121868,Hangugeo-Chosonmal.svg,06941948-n,3925749,f3/mt335/966/6071/3720,Q2473047,"['The National Institute of the Korean Language', 'Q495374']",Korean Phrasebook banner.jpg
"['Persian', 'Q9168']",Western Iranian language,2332826,fars1254,300389088,per,"['Category:Persian language', 'Q7214945']",,119365051,Persian Language Location Map.svg,4065403-5,"['Wikipedia:List of articles all languages should have', 'Q5460604']","['1 safe', 'Q20672086']","['subject–object–verb', 'Q539808']",concept12927,sh85100070,fa,topic/Persian-language,"['Category:Persian-language films', 'Q6840810']",fas,Persian-language-‎,فارسی,fa,,Persian language,пер 535,"['natural language', 'Q33742']",персидский,"['Persian alphabet', 'Q744068']","['Greater Iran', 'Q25763']",,/m/032f6,"['Southwestern Iranian', 'Q390424']",fa,"['Metropolitan Museum of Art Tagging Vocabulary', 'Q106727050']",1073,4106,12822,fas,languages/per,"['Iran', 'Q794']","['Persian studies', 'Q7170261']",scot/7426,6239,,"['Category:Persian pronunciation', 'Q84969444']",15895,PersianLanguage,fa,farsi,987007536485405171,C2776527531,Q48,+45000000,27896,ph124056,Farsi.svg,06986787-n,3956075,f3/mt335/1703/872/6907,Q4335,"['Academy of Persian Language and Literature', 'Q324478']",Qom banner Shrine of Fatima Maesume.jpg
"['Standard Mandarin', 'Q727694']",standard form of Chinese and the official language of China,,,,chi,"['Category:Standard Chinese', 'Q7485045']",,,,,,,"['isolating language', 'Q7423311']",,,cmn,topic/Modern-Standard-Chinese-language,,,Standard-Chinese,現代標準漢語,,kug,,,"['technical standard', 'Q317623']",,"['Chinese characters', 'Q8201']","['Han Chinese people', 'Q42740']",,/m/0653m,"['Beijing Mandarin', 'Q2169652']",,,,,,,,"[""People's Republic of China"", 'Q148']",,scot/15585,,http://publications.europa.eu/resource/authority/language/CMN,,,StandardChinese,,,,C2776618157,,+897071810,,,SZ Tour 深圳園博園 Shenzhen International Garden and Flower Expo Park opening hours Aug-2010.JPG,,,,,,
"['Russian', 'Q7737']",East Slavic language,3521628,russ1263,300389169,rus,"['Category:Russian language', 'Q7143018']",00569746,11932810g,Ruština ve světě.svg,4051038-4,"['Wikipedia:List of articles all languages should have', 'Q5460604']","['1 safe', 'Q20672086']","['subject–verb–object', 'Q651641']",concept16150,sh85115971,ru,topic/Russian-language,"['Category:Russian-language films', 'Q6840725']",rus,Russian-language-1,русский язык‎,ru,rus,Russian language,рус 570,"['modern language', 'Q1288568']",русский,"['Russian alphabet', 'Q187846']","['Russians', 'Q49542']","['1 National', 'Q29051546']",/m/06b_j,"['East Slavic', 'Q144713']",ru,"['Small Brockhaus and Efron Encyclopedic Dictionary', 'Q19180675']",1166,3402,167,rus,languages/rus,,"['Russian studies', 'Q375470']",scot/7430,6092,http://publications.europa.eu/resource/authority/language/RUS,"['Category:Russian pronunciation', 'Q84929893']",7643,RussianLanguage,ru,russian,987007548532205171,C2993748607,Q129,+154000000,27868,ph125351,Russian.svg,06957110-n,3968998,f3/mt335/1703/4414/5287,Q926,"['Russian Language Institute', 'Q1381038']",Bannerrussianphrasebook.jpg
"['Indonesian', 'Q9240']",official language of Indonesia,2010323,indo1316,300387921,ind,"['Category:Indonesian language', 'Q8547288']",00564096,11939339h,Indonesian Language Map.svg,4086266-5,"['Wikipedia:Vital articles/Level/4', 'Q6173448']",,"['subject–verb–object', 'Q651641']",concept12307,sh85065767,id,topic/Indonesian-languages,"['Category:Indonesian-language films', 'Q6398086']",ind,,Bahasa Indonesia,id,ind,Indonesian language,инд 210,"['language', 'Q34770']",Indonesian,"['Latin script', 'Q8229']","['Indonesia', 'Q252']","['1 National', 'Q29051546']",/m/097kp,"['Malay', 'Q9237']",id,,1096,6504,10768,ind,languages/ind,"['Indonesia', 'Q252']","['Indologie', 'Q2623652']",scot/7073,6203,,"['Category:Indonesian pronunciation', 'Q84969872']",13509,IndonesianLanguage,id,indonesian,987007548362505171,C2779207338,Q305,+43627550,27925,ph121089,Bahasa indonesia.png,06951975-n,3914555,f3/mt335/438/1079/2906,Q4324,"['Language and Book Development Agency', 'Q4840587']",Indonesian language.png
"['Spanish', 'Q1321']",Romanic language originating in the central part of the Iberian Peninsula,2024508,stan1288,300389311,spa,"['Category:Spanish language', 'Q7237581']",00571703,119312813,Detailed SVG map of the Hispanophone world.svg,4077640-2,"['Wikipedia:List of articles all languages should have', 'Q5460604']","['1 safe', 'Q20672086']","['subject–verb–object', 'Q651641']",concept10219,sh85126261,es,topic/Spanish-language,"['Category:Spanish-language films', 'Q6840508']",spa,Spanish-language,español,es,spa,Spanish language,исп 230,"['natural language', 'Q33742']",испанский,"['Spanish alphabet', 'Q285126']","['Spain', 'Q29']","['1 National', 'Q29051546']",/m/06nm1,"['Castilian languages', 'Q71924']",es,"['Brockhaus and Efron Encyclopedic Dictionary', 'Q602358']",1070,2303,151,spa,languages/spa,"['Spain', 'Q29']","['hispanism', 'Q1109432']",scot/7434,5692,http://publications.europa.eu/resource/authority/language/SPA,"['Category:Spanish pronunciation', 'Q84969434']",12398,SpanishLanguage,es,spanish,987007565737805171,C2992389322,Q386,+480000000,27863,ph127867,Eñe on keyboard - grey.jpg,06979499-n,3912045,f3/mt335/1703/1670/14251,Q183,"['Association of Academies of the Spanish Language', 'Q607959']",Spanish phrasebook banner.jpg
